sRNAs	Rywal_mock1_trimmed	Rywal_mock2_trimmed	Rywal_mock3_trimmed	Rywal_plant1_pool_A_wilga	Rywal_plant2_pool_A_wilga	Rywal_plant3_pool_A_wilga	Rywal_plant1_pool_B_wilga	Rywal_plant2_pool_B_wilga	Rywal_plant3_pool_B_wilga	NahG_mock1_trimmed	NahG_mock2_trimmed	NahG_mock3_trimmed	NahG-Rywal_plant1_pool_A_wilga	NahG-Rywal_plant2_pool_A_wilga	NahG-Rywal_plant3_pool_A_wilga	NahG-Rywal_plant1_pool_B_wilga	NahG-Rywal_plant2_pool_B_wilga	NahG-Rywal_plant3_pool_B_wilga
novel-miR8156-5p	2	2	9	14	5	1	12	6	3	3	1	2	1	2	3	1	3	6
novel-miR8157-3p*	0	0	0	0	0	0	0	0	0	0	0	0	0	0	0	0	0	0
novel-miR8157-5p	0	0	4	1	5	1	1	0	0	0	0	1	0	0	0	0	0	1
novel-miR8158-3p*	0	0	0	0	0	0	0	0	0	0	0	0	0	0	0	0	0	0
novel-miR8158-5p	0	0	0	0	0	0	0	0	0	0	0	0	0	0	0	0	0	0
novel-miR8159-3p	0	0	0	0	0	0	0	0	0	0	0	0	0	0	0	0	0	0
novel-miR8159-5p*	0	0	0	0	0	0	0	0	0	0	0	0	0	0	0	0	0	0
novel-miR8160-3p|novel-miR8160a-3p|novel-miR8160b-3p	1	0	0	0	0	0	0	0	0	0	0	0	0	0	0	0	0	0
novel-miR8161-5p	0	0	0	0	1	0	0	0	0	0	0	0	0	0	0	0	0	0
novel-miR8162-5p	0	0	0	1	0	1	0	0	0	0	0	0	0	0	0	0	0	0
novel-miR8163-5p	0	0	0	0	0	0	0	0	0	0	0	0	0	0	0	0	0	0
novel-miR8164-3p	0	0	1	5	0	1	0	2	0	0	0	0	0	0	0	0	0	0
novel-miR8165-5p	0	0	6	1	0	0	0	2	0	0	0	1	0	0	0	0	0	0
novel-miR8166-5p	1	0	1	5	0	2	3	0	1	0	0	0	0	0	0	0	0	0
novel-miR8167-3p*	0	0	0	0	0	0	0	0	0	0	0	0	0	0	0	0	0	0
novel-miR8167-5p	0	0	1	1	4	0	1	1	0	0	0	1	3	0	0	0	0	0
novel-miR8168-3p	2	6	8	12	11	2	25	4	0	5	1	5	3	1	3	1	0	0
novel-miR8168-5p*	0	0	0	0	0	0	0	0	0	0	0	0	0	1	0	0	0	0
novel-miR8169-3p	1	0	0	7	2	1	3	0	0	0	0	0	1	1	0	0	0	0
novel-miR8169-5p*	0	0	0	0	0	0	0	0	0	0	0	0	0	0	0	0	0	0
novel-miR8170-3p	1	0	5	7	8	2	6	6	1	0	0	0	0	1	0	1	0	2
novel-miR8171-3p*	0	0	0	0	0	1	0	1	0	0	0	0	0	0	0	0	0	0
novel-miR8171-5p	0	0	0	1	1	0	0	0	0	0	0	1	0	0	0	0	0	0
novel-miR8172-3p	2	1	3	8	8	2	12	4	0	2	0	0	2	0	0	0	0	0
novel-miR8173-5p	0	0	0	0	0	1	0	0	0	0	0	0	0	0	0	0	0	0
novel-miR8174-5p	1	0	0	3	8	2	9	3	1	0	0	0	0	2	0	0	0	1
novel-miR8175-5p	0	0	1	0	2	0	2	2	0	0	0	0	0	0	0	0	0	0
novel-miR8176-5p	0	0	1	1	0	0	0	0	0	0	0	1	1	0	0	0	0	0
novel-miR8177-3p	0	0	2	6	9	2	8	4	0	0	0	0	1	0	0	0	0	0
novel-miR8177-5p*	0	0	1	6	2	3	2	0	1	2	0	0	3	1	0	0	0	0
novel-miR8177a-3p	1	0	1	1	3	1	5	0	0	1	0	0	1	3	2	2	0	1
novel-miR8178-3p	0	0	0	2	2	0	0	0	0	0	0	0	0	0	0	0	0	0
novel-miR8178-5p*	0	0	0	1	0	1	0	0	0	0	0	0	0	0	0	0	0	0
novel-miR8179-3p	0	0	0	0	1	0	4	1	0	0	0	0	0	0	0	0	0	1
novel-miR8179-5p*	0	2	3	3	1	1	3	1	0	0	0	2	1	1	3	0	0	0
novel-miR8180-3p	0	0	0	1	4	3	4	0	1	0	0	0	1	1	0	0	0	0
novel-miR8180-5p*	0	0	0	4	0	1	2	0	1	0	0	2	0	0	1	2	0	0
novel-miR8181-3p	0	0	0	5	3	0	3	2	0	0	0	0	0	0	0	0	0	0
novel-miR8182-3p	0	0	1	9	9	5	3	0	2	2	0	0	3	6	1	1	1	2
novel-miR8182-5p*	0	0	1	0	0	1	2	0	0	0	0	3	0	0	1	0	0	0
novel-miR8183-5p	4	2	11	19	19	6	13	3	0	2	0	0	1	3	3	0	0	0
novel-miR8184-3p*	0	0	0	0	0	0	0	0	0	0	0	0	0	0	0	0	0	0
novel-miR8184-5p	0	2	2	7	8	0	9	1	0	0	1	2	1	2	0	1	0	2
novel-miR8185-3p|novel-miR8185a-3p	2	2	4	6	4	3	9	3	0	0	1	1	0	1	1	0	1	0
novel-miR8185-5p*|novel-miR8185a-5p*	0	2	3	3	6	3	3	2	0	2	1	0	1	0	0	1	0	0
novel-miR8186-5p	0	0	0	0	0	1	0	0	0	0	0	0	0	0	0	0	0	0
novel-miR8187-3p*	0	0	1	0	0	0	0	0	0	0	0	0	0	0	0	0	0	0
novel-miR8187-5p	3	0	2	4	4	4	2	0	1	0	0	1	0	0	2	0	0	0
novel-miR8188-3p*	0	0	0	0	0	0	0	0	0	0	0	0	0	0	0	0	0	0
novel-miR8188-5p	0	0	9	4	9	2	4	3	0	2	0	2	2	0	0	1	0	0
novel-miR8189-3p	0	0	1	0	0	0	0	0	0	0	0	0	0	0	0	0	0	0
novel-miR8189-5p*	41	31	186	144	171	90	193	88	32	16	21	37	48	67	45	28	14	25
novel-miR8190-3p	0	0	1	3	1	1	0	2	0	1	0	0	1	0	0	0	0	0
novel-miR8191-3p|novel-miR8191a-3p	0	3	3	9	8	0	7	9	0	1	0	1	0	1	1	0	0	0
novel-miR8192-5p	0	0	0	0	0	0	0	0	0	0	0	0	0	0	0	0	0	0
novel-miR8193-3p	0	1	0	3	5	4	4	1	0	1	0	0	0	1	0	0	0	0
novel-miR8194-3p	0	0	0	0	0	0	0	0	0	0	0	0	0	0	0	0	0	0
novel-miR8194-5p*	0	0	0	0	0	0	0	0	0	0	0	0	0	0	0	0	0	0
novel-miR8195-3p*	0	0	0	0	0	0	0	0	0	0	0	0	0	0	0	0	0	0
novel-miR8195-5p	2	0	0	7	1	0	0	1	0	0	0	0	0	0	0	0	0	0
novel-miR8196-3p	0	0	0	0	0	0	0	0	0	0	0	0	0	0	0	0	0	0
novel-miR8196-5p*	0	0	0	0	0	0	0	0	0	0	0	0	0	0	0	0	0	0
novel-miR8197-3p	0	3	11	10	9	3	11	2	1	6	0	4	1	2	0	1	0	1
novel-miR8198-3p	6	5	64	68	72	19	127	55	8	10	6	16	8	27	16	7	5	8
novel-miR8199-5p	0	0	0	2	2	0	1	0	0	0	0	0	0	2	0	0	0	0
novel-miR8200-3p	0	0	0	2	1	1	0	1	0	1	0	0	0	0	0	0	0	0
novel-miR8201-3p*	0	0	0	0	0	0	0	0	0	0	0	0	0	0	0	0	0	0
novel-miR8201-5p	0	0	0	0	0	0	0	0	0	0	0	0	0	0	0	0	0	0
novel-miR8202-3p	0	0	0	0	0	0	0	0	0	0	0	0	0	0	0	0	0	0
novel-miR8203-5p	0	0	0	2	2	1	1	0	0	0	0	0	0	0	0	0	0	0
novel-miR8204-3p	0	0	0	0	0	2	0	0	0	0	0	0	0	0	1	0	0	0
novel-miR8204-5p*	0	0	0	1	0	0	0	0	0	0	0	0	0	0	0	0	0	0
novel-miR8205-5p	3	5	9	20	25	5	13	5	0	5	0	6	0	0	2	1	1	4
novel-miR8206-5p	0	0	0	0	0	0	0	0	0	0	0	0	0	0	0	0	0	0
novel-miR8207-3p|novel-miR8207a-3p	1	0	0	5	2	2	1	0	0	1	0	1	1	2	0	0	0	0
novel-miR8207-5p*	0	0	1	22	8	4	3	0	1	0	1	0	2	4	1	0	2	2
novel-miR8208-5p	0	0	1	0	0	0	0	0	0	0	0	0	0	0	0	0	0	0
novel-miR8209-3p|novel-miR8209a-5p	0	0	0	1	2	0	0	0	0	0	0	0	1	0	0	0	0	0
novel-miR8210-3p	36	71	107	231	220	93	181	101	63	38	22	51	65	61	48	42	26	20
novel-miR8211-3p	0	0	0	1	2	0	0	0	1	0	0	0	1	2	1	0	0	0
novel-miR8211-5p*	0	0	0	12	6	3	13	18	12	3	1	0	2	1	4	5	1	3
novel-miR8212-3p*	7	3	11	21	31	10	30	14	1	0	2	4	5	6	2	12	1	4
novel-miR8212-5p	0	0	0	0	0	0	0	1	0	0	0	0	0	0	0	0	0	0
novel-miR8213-3p	1	0	1	7	2	1	0	1	1	0	0	0	0	0	0	0	1	0
novel-miR8214-5p	0	0	2	6	3	1	2	2	2	0	0	0	0	2	1	0	0	0
novel-miR8215-5p	1	3	0	3	2	1	0	1	0	0	0	0	1	4	0	0	0	0
novel-miR8216-3p*	0	0	0	0	0	0	0	0	0	0	0	0	0	0	0	0	0	0
novel-miR8216-5p	0	0	2	1	1	0	1	1	0	0	0	0	0	1	0	1	0	0
novel-miR8217-3p*	0	0	0	0	0	0	0	0	0	0	0	0	0	0	0	0	0	0
novel-miR8217-5p	0	0	0	18	4	1	5	3	0	0	0	0	6	10	4	2	0	0
novel-miR8217a-3p	0	0	0	0	0	0	0	0	0	0	0	0	0	0	0	0	0	0
novel-miR8218-3p	0	0	0	0	0	0	0	0	0	0	0	0	0	0	0	0	0	0
novel-miR8219-3p	3	1	0	4	2	1	4	2	0	0	0	0	0	1	0	0	0	1
novel-miR8219-5p*	0	4	2	2	9	1	5	6	2	5	2	1	0	0	0	0	1	0
novel-miR8220-3p	0	1	3	5	3	1	1	0	0	0	0	0	3	2	2	0	0	0
novel-miR8220-5p*	0	0	0	0	0	0	0	0	0	0	1	2	1	0	0	0	0	1
novel-miR8221-5p	0	0	0	0	0	0	0	0	0	1	0	0	0	0	0	0	0	0
novel-miR8222-5p	0	0	0	0	0	0	0	0	0	0	0	0	0	0	0	0	0	0
novel-miR8223-3p*	0	0	0	0	0	0	0	0	0	0	0	0	0	0	0	0	0	0
novel-miR8223-5p	0	0	0	0	0	0	0	0	0	0	0	0	0	0	0	0	0	0
novel-miR8224-5p|novel-miR8224a-5p	0	0	1	1	0	0	0	0	0	0	0	0	0	0	0	0	0	0
novel-miR8225-3p*	0	0	0	1	1	0	2	3	0	0	0	0	0	2	0	0	0	0
novel-miR8225-5p	0	0	0	0	0	0	3	0	0	0	0	0	1	0	0	0	0	0
novel-miR8226-3p	11	5	25	24	26	8	18	2	3	2	4	10	8	8	0	2	0	5
novel-miR8227-3p	5	5	26	6	7	12	13	9	0	3	0	2	7	3	8	6	1	3
novel-miR8227-5p*	0	3	9	7	10	2	6	5	0	3	0	3	1	1	1	4	0	0
novel-miR8228-5p	0	0	0	2	3	0	3	1	2	0	0	0	0	0	0	0	0	0
novel-miR8229-5p	0	0	0	0	0	0	0	1	0	0	0	0	0	0	0	0	0	0
novel-miR8230-3p*	1	0	4	3	9	2	4	0	0	0	0	1	1	0	1	0	0	1
novel-miR8230-5p|novel-miR8230a-5p|novel-miR8230b-5p	0	3	7	7	11	7	5	2	0	1	0	4	1	0	3	1	1	1
novel-miR8231-3p	0	1	0	0	1	0	0	0	0	0	0	0	0	0	0	0	0	0
novel-miR8232-5p	0	0	1	3	2	1	3	1	0	0	0	1	1	0	0	0	0	0
novel-miR8233-3p	0	0	1	2	1	1	0	0	0	0	0	0	1	1	0	0	0	0
novel-miR8233-5p*	0	0	0	0	0	0	0	0	0	0	0	0	0	0	0	0	0	0
novel-miR8234-3p	0	0	0	0	0	0	0	0	0	0	0	0	0	0	0	0	0	0
novel-miR8235-3p	0	0	0	0	0	0	0	0	0	0	0	0	0	0	0	0	0	0
novel-miR8235-5p*	0	0	0	0	0	0	1	0	0	0	0	0	0	0	0	0	0	0
novel-miR8236-3p|novel-miR8236a-3p*	1	1	5	9	13	7	13	2	0	0	2	1	4	2	0	1	1	1
novel-miR8236a-5p|novel-miR8236-5p*	51	21	119	113	148	64	308	118	18	22	3	36	34	50	37	36	7	24
novel-miR8237-3p*|novel-miR8237a-3p*	0	0	0	0	0	0	0	0	0	0	0	0	0	0	0	0	0	0
novel-miR8237-5p|novel-miR8237a-5p	0	0	0	2	0	0	0	0	0	0	0	0	1	0	0	0	0	0
novel-miR8238-3p|novel-miR8238a-3p	0	0	0	0	0	0	0	0	0	0	0	0	0	0	0	0	0	0
novel-miR8239-3p	2	2	2	14	3	5	5	5	1	0	1	0	8	0	4	0	0	0
novel-miR8240-3p	2	5	4	1	3	4	3	2	0	1	1	0	3	1	1	0	0	0
novel-miR8241-3p*|novel-miR8241a-3p*	0	0	0	0	0	0	0	0	0	0	0	0	0	0	0	0	0	0
novel-miR8241-5p|novel-miR8241a-5p	0	0	1	14	8	3	3	0	0	0	1	0	6	3	7	0	0	0
novel-miR8242-3p|novel-miR8242a-3p	0	0	0	0	0	0	0	0	0	0	0	0	0	0	0	0	0	0
novel-miR8243-3p	0	0	2	1	2	1	2	3	1	2	2	2	0	0	0	0	0	0
novel-miR8244-5p	93	99	376	481	557	222	640	196	37	63	37	110	133	155	109	97	33	68
novel-miR8245-3p*	0	0	0	0	0	0	0	1	0	0	0	0	0	0	0	0	0	0
novel-miR8245-5p	0	0	0	0	0	1	0	0	0	0	0	0	0	0	0	0	0	0
novel-miR8246-5p	0	0	3	9	3	1	4	3	0	0	0	1	2	3	0	0	0	0
novel-miR8246a-3p|novel-miR8246-3p*	11	4	23	28	41	22	40	19	8	9	3	11	18	17	8	12	3	7
novel-miR8246a-5p*	6	4	10	59	86	15	31	16	1	4	3	3	10	20	5	11	2	5
novel-miR8247-3p*	0	0	2	0	1	1	1	2	0	1	0	0	0	0	0	0	0	1
novel-miR8247-5p	0	0	0	0	1	0	0	1	0	1	0	1	0	0	0	0	0	0
novel-miR8248-5p	0	0	0	3	1	0	0	2	0	0	0	0	0	0	1	0	0	0
novel-miR8249-3p*	0	0	0	0	0	0	0	0	0	0	0	0	0	0	0	0	0	0
novel-miR8249-5p	1	2	8	18	12	5	10	10	4	1	1	0	3	2	5	3	2	2
novel-miR8250-5p	0	0	0	2	1	1	1	0	2	0	0	0	1	2	0	0	0	0
novel-miR8251-5p	1	1	5	4	4	2	4	4	2	3	0	0	1	0	5	4	2	0
novel-miR8252-3p	5	4	8	15	24	8	33	9	1	2	0	2	7	10	7	8	2	8
novel-miR8252-5p*	0	0	0	0	0	0	0	0	0	0	0	0	0	0	0	0	0	0
novel-miR8253-3p*	0	0	0	0	0	0	0	0	0	0	0	0	0	0	0	0	0	0
novel-miR8253-5p	4	2	10	15	26	13	19	3	9	10	2	6	4	10	7	3	3	3
novel-miR8254-3p	0	2	0	0	10	0	1	1	0	0	0	0	3	4	0	0	0	0
novel-miR8254-5p*	0	0	1	1	0	0	0	2	0	0	0	0	1	0	0	0	0	0
novel-miR8255-5p	0	0	0	0	0	0	1	0	0	0	0	0	0	0	0	0	0	0
novel-miR8256-3p	0	0	0	1	0	0	0	0	0	0	0	0	0	0	0	0	0	0
novel-miR8256-5p*	0	0	0	0	0	0	0	0	0	0	0	0	0	0	0	0	0	0
novel-miR8257-3p	5	3	13	21	25	8	38	11	1	0	0	2	4	3	5	9	2	2
novel-miR8257-5p*	2	8	8	10	7	1	14	8	3	2	0	0	4	2	6	7	2	2
novel-miR8258-3p	0	0	5	6	1	2	3	2	0	1	0	0	4	0	2	0	0	0
novel-miR8258-5p*	0	0	0	0	0	0	0	0	0	0	0	0	0	0	0	0	0	0
novel-miR8259-3p*	0	0	0	1	6	2	0	0	0	0	0	0	1	1	0	2	0	0
novel-miR8259-5p	141	160	837	1593	1980	775	1189	502	96	113	23	132	395	364	341	231	35	160
novel-miR8260-3p	1	1	0	6	2	1	2	0	0	0	0	0	1	0	2	1	0	1
novel-miR8261-3p	1	3	2	1	12	0	2	2	1	1	0	1	0	0	1	0	0	1
novel-miR8262-5p	0	0	3	5	1	2	2	0	1	1	1	1	0	2	0	1	0	1
novel-miR8263-3p*	0	0	0	1	0	0	0	0	0	0	0	0	0	0	0	0	0	0
novel-miR8263-5p	0	0	0	0	0	1	0	0	0	0	0	0	0	0	1	0	0	1
novel-miR8264-3p	4	14	37	38	37	10	44	29	1	4	2	6	13	17	10	6	4	6
novel-miR8264-5p*	0	0	0	3	1	2	1	0	0	0	0	0	2	1	0	0	0	0
novel-miR8265-5p	0	0	0	0	1	0	2	0	0	0	0	0	0	0	0	0	0	0
novel-miR8266-3p|novel-miR8266a-3p	0	0	1	0	0	0	1	1	1	0	0	1	1	0	0	0	0	0
novel-miR8266-5p*	3	0	0	0	2	0	0	0	0	0	0	0	0	0	0	0	0	0
novel-miR8267-5p	2	1	2	5	6	3	2	0	0	0	0	0	1	0	1	1	1	0
novel-miR8268-5p	0	0	0	4	23	8	5	1	1	0	0	0	2	5	1	0	0	0
novel-miR8269-3p	0	0	1	2	3	5	2	0	0	1	0	0	0	2	0	0	0	0
novel-miR8270-3p*	0	0	0	0	0	0	0	0	0	0	0	0	0	0	0	0	0	0
novel-miR8270-5p	0	0	0	6	7	1	1	2	0	0	0	0	2	2	0	0	0	0
novel-miR8271-3p	2	0	4	4	6	2	8	1	1	0	0	0	2	3	1	0	0	1
novel-miR8271-5p*	0	0	0	0	0	0	0	0	0	0	0	0	0	0	0	0	0	0
novel-miR8272-3p	249	143	552	1245	1191	589	1506	499	84	224	43	256	327	422	218	191	33	140
novel-miR8272-5p*	19	25	73	84	147	57	66	54	15	18	4	29	37	21	10	17	1	7
novel-miR8273-3p	0	0	0	0	0	0	1	0	0	0	0	0	0	0	0	0	0	0
novel-miR8274-3p	0	0	0	1	2	1	1	1	1	0	0	0	0	1	0	0	0	0
novel-miR8274-5p*	0	0	0	0	0	0	1	0	0	0	0	0	0	0	0	1	0	0
novel-miR8275-3p*	0	0	0	0	0	0	0	0	0	0	0	0	0	0	0	0	0	0
novel-miR8275-5p	7	2	19	30	24	11	46	20	4	8	2	10	9	8	6	6	3	4
novel-miR8276-3p*	0	0	0	0	0	0	0	0	0	0	0	0	0	0	0	0	0	0
novel-miR8276-5p	0	0	0	6	8	2	0	0	0	0	0	0	0	0	0	0	0	1
novel-miR8277-3p*	1	4	19	18	32	9	20	8	2	1	0	1	6	14	8	7	0	9
novel-miR8277-5p	0	0	0	0	0	0	0	0	0	0	0	0	0	0	0	0	0	0
novel-miR8278-3p	1	1	0	2	4	0	3	0	0	0	0	0	0	1	0	0	0	0
novel-miR8278-5p*	0	0	0	0	1	3	1	1	0	0	0	0	0	2	0	1	0	0
phasiRNA1000	1	2	1	1	8	3	6	2	0	1	0	0	0	0	0	0	0	0
phasiRNA1002	0	0	0	0	3	0	4	0	0	0	0	0	2	0	0	0	0	0
phasiRNA1003	0	0	1	0	4	2	2	0	0	0	0	1	2	0	0	0	0	0
phasiRNA1005	0	0	0	1	1	0	0	0	0	0	0	0	0	0	0	0	0	0
phasiRNA1006	0	0	0	5	11	4	5	1	1	0	0	0	0	4	0	0	0	1
phasiRNA1007	0	0	0	0	0	0	0	0	0	0	0	0	0	0	0	0	0	0
phasiRNA1008	2	3	8	31	26	11	10	8	3	2	4	2	7	9	11	5	1	0
phasiRNA1009	1	0	2	2	5	0	1	0	0	1	0	0	0	0	0	0	0	0
phasiRNA1010	8	6	16	15	25	24	30	2	2	2	0	11	0	2	3	1	0	1
phasiRNA1011	1	1	1	18	8	1	3	2	0	0	0	0	1	1	1	0	0	0
phasiRNA1012	0	0	0	0	0	0	0	0	0	0	0	0	1	0	0	0	0	0
phasiRNA1013	0	0	0	2	1	0	0	0	0	0	0	1	2	0	0	0	0	0
phasiRNA1014	18	18	18	59	60	32	81	55	14	7	5	20	17	29	22	22	6	22
phasiRNA1020	0	0	4	12	8	3	4	2	0	0	0	0	2	4	0	0	0	0
phasiRNA1022	1	0	0	2	0	1	0	0	0	0	0	0	0	1	0	0	0	0
phasiRNA1024	0	0	2	1	0	0	1	0	0	0	0	0	0	0	0	0	0	0
phasiRNA1025	0	0	0	0	0	0	0	0	0	0	0	0	0	0	0	0	0	0
phasiRNA1026	0	0	0	8	9	1	10	4	0	2	2	0	1	3	3	2	1	1
phasiRNA1032	0	0	0	0	0	0	0	0	0	0	0	0	0	0	0	0	0	0
phasiRNA1033	0	2	6	10	8	7	13	0	0	0	2	0	2	2	0	0	0	0
phasiRNA1041	0	0	2	0	1	0	1	0	0	0	0	0	0	0	0	0	0	0
phasiRNA1042	0	0	0	0	0	0	0	0	0	0	0	0	0	0	0	0	0	0
phasiRNA1043	0	0	0	0	0	0	0	0	0	0	0	0	0	0	0	0	0	0
phasiRNA1044	0	0	1	1	1	0	0	0	0	0	0	0	0	0	0	0	0	0
phasiRNA1050	5	9	1	15	37	11	10	9	1	0	0	2	2	3	3	2	0	2
phasiRNA1051	0	0	0	12	16	6	1	3	1	0	0	0	2	2	2	0	0	0
phasiRNA1053	0	0	0	1	0	0	0	0	0	0	0	0	1	0	0	1	0	0
phasiRNA1055	8	0	9	19	17	10	10	18	1	3	2	7	3	4	2	3	1	2
phasiRNA1056	0	0	0	2	3	0	4	1	2	0	0	0	0	3	0	0	0	0
phasiRNA1057	0	0	0	2	2	1	0	0	0	0	0	0	1	0	0	0	0	0
phasiRNA1058	5	2	8	6	7	3	15	1	0	2	0	1	2	0	1	1	0	0
phasiRNA1059	0	0	0	0	0	0	0	0	0	0	0	0	0	0	0	0	0	0
phasiRNA1060	2	2	9	5	11	6	17	12	0	1	0	2	2	2	3	3	2	1
phasiRNA1061	0	0	1	0	0	0	0	0	0	0	0	0	0	2	0	0	0	0
phasiRNA1063	0	0	0	0	1	0	0	0	0	0	0	0	0	0	0	0	0	0
phasiRNA1064	3	1	2	0	2	0	4	2	0	2	0	1	0	4	1	0	0	0
phasiRNA1066	0	0	0	0	1	0	1	0	0	0	0	0	0	0	0	0	0	0
phasiRNA1069	0	0	0	0	3	0	0	0	0	0	0	0	0	2	0	0	0	1
phasiRNA1070	0	0	0	0	0	0	0	0	0	0	0	0	0	0	0	1	0	0
phasiRNA1071	0	1	6	1	7	1	10	1	0	0	0	0	0	0	1	0	0	0
phasiRNA1072	0	0	0	0	1	0	0	0	0	0	0	0	0	0	0	0	0	0
phasiRNA1073	0	0	0	0	0	0	0	0	0	0	0	0	0	1	0	0	0	0
phasiRNA1074	0	0	0	3	1	2	3	1	0	0	0	0	2	1	2	0	1	0
phasiRNA1075	0	0	0	0	0	0	0	0	0	0	0	0	1	0	0	0	0	0
phasiRNA1076	0	0	0	1	3	0	2	0	0	0	0	0	0	0	0	0	0	0
phasiRNA1077	0	2	8	1	8	1	7	7	0	3	1	3	0	2	0	2	1	0
phasiRNA1078	4	1	1	2	4	1	8	1	1	2	1	1	1	0	2	0	0	0
phasiRNA1085	9	12	17	37	31	23	28	26	21	15	6	12	12	9	7	13	8	7
phasiRNA1086	2	1	0	0	4	0	0	0	0	0	0	0	0	0	0	0	0	0
phasiRNA1087	0	0	0	2	1	0	0	0	0	0	0	0	0	0	0	0	0	0
phasiRNA1088	0	0	0	0	0	0	1	0	0	0	0	0	0	0	0	0	0	0
phasiRNA1089	2	2	3	4	18	7	10	1	0	3	0	3	3	4	2	2	0	2
phasiRNA1091	0	1	0	0	0	0	0	0	0	0	0	0	0	1	0	0	0	0
phasiRNA1102	0	0	3	1	1	0	1	0	1	1	0	0	0	0	0	1	0	0
phasiRNA1103	0	0	0	0	0	0	0	0	0	0	0	0	0	0	0	0	0	0
phasiRNA1104	0	0	0	0	0	0	0	0	0	0	0	0	0	0	0	0	0	0
phasiRNA1105	1	1	0	9	8	0	1	0	0	0	0	0	0	0	2	1	1	1
phasiRNA1106	0	1	1	2	5	0	0	3	0	0	0	0	0	1	1	0	0	0
phasiRNA1107	0	1	0	1	2	0	1	1	0	0	0	1	0	0	0	0	0	0
phasiRNA1108	0	0	1	4	12	0	6	1	0	1	0	1	1	3	1	1	0	0
phasiRNA1109	0	0	5	0	1	0	1	1	0	0	0	0	1	1	0	2	0	0
phasiRNA1110	0	0	1	2	1	3	3	1	0	0	0	0	1	0	2	0	0	0
phasiRNA1111	1	0	1	5	0	1	2	0	0	0	0	0	0	0	0	0	0	0
phasiRNA1112	0	0	0	0	1	0	1	0	0	0	0	0	0	0	0	0	0	0
phasiRNA1113	0	0	0	0	0	0	0	0	0	0	0	0	0	0	0	0	0	0
phasiRNA1115	1	1	0	9	4	3	7	4	0	0	0	0	2	1	0	0	0	1
phasiRNA1116	0	0	0	5	0	0	0	0	0	0	0	0	0	0	0	0	0	0
phasiRNA1117	0	0	0	1	0	0	1	1	0	0	0	0	0	0	0	0	0	0
phasiRNA1118	0	0	2	1	2	0	0	0	0	0	0	0	0	0	1	0	0	0
phasiRNA1119	0	0	0	0	0	0	0	0	0	0	0	0	0	0	0	0	0	0
phasiRNA1120	0	0	2	1	0	0	0	1	0	1	0	0	0	1	0	0	0	0
phasiRNA1121	0	0	0	0	0	0	0	0	0	0	0	0	0	0	0	0	0	0
phasiRNA1122	0	0	0	0	0	0	0	0	0	0	0	0	0	0	0	0	0	0
phasiRNA1123	0	0	0	0	0	0	0	0	0	0	0	0	0	0	0	0	0	0
phasiRNA1124	0	0	0	0	0	0	0	0	0	0	0	0	0	0	0	0	0	0
phasiRNA1125	1	0	5	4	2	0	11	2	0	1	0	3	2	2	1	2	1	1
phasiRNA1126	1	0	0	7	1	4	0	0	0	0	0	0	0	0	0	0	0	0
phasiRNA1127	0	0	0	3	0	0	2	0	0	0	0	0	0	0	0	0	0	0
phasiRNA1128	0	0	0	3	0	1	0	0	0	0	0	0	0	0	0	0	0	0
phasiRNA1129	0	0	2	6	1	1	1	1	0	0	0	0	0	2	0	0	0	0
phasiRNA1130	0	0	0	6	5	0	1	0	0	0	0	0	1	0	0	0	0	0
phasiRNA1131	0	0	0	0	0	0	0	0	0	0	0	0	0	0	0	0	0	0
phasiRNA1132	0	0	0	0	1	0	0	0	0	0	0	0	0	0	0	0	0	0
phasiRNA1133	0	0	0	2	1	0	0	0	0	0	0	0	0	0	0	0	0	0
phasiRNA1134	0	0	0	0	0	0	0	0	0	0	0	0	0	0	0	0	0	0
phasiRNA1135	0	0	0	1	0	0	2	0	0	0	0	0	0	1	2	0	0	0
phasiRNA1136	0	1	7	1	4	0	4	0	1	0	0	0	1	1	0	2	0	0
phasiRNA1137	0	0	0	0	0	0	0	0	0	0	0	0	0	0	0	0	0	0
phasiRNA1138	0	2	0	0	0	0	0	0	0	0	0	0	0	0	0	0	0	0
phasiRNA1139	1	0	2	4	5	1	5	0	1	1	0	0	0	1	2	0	0	0
phasiRNA1140	0	0	0	0	0	0	0	0	0	0	0	0	0	0	0	0	0	0
phasiRNA1141	0	0	0	0	0	0	0	0	0	0	0	0	0	0	0	0	0	0
phasiRNA1142	8	5	48	22	65	24	56	16	3	14	0	10	15	17	10	3	1	6
phasiRNA1143	7	3	13	42	52	19	42	14	0	6	0	12	14	18	9	5	0	0
phasiRNA1144	1	1	10	10	13	4	7	4	0	0	0	0	2	1	0	2	0	1
phasiRNA1145	4	1	7	11	23	14	24	9	0	3	5	1	0	4	6	6	2	3
phasiRNA1146	0	0	0	0	0	0	0	0	0	0	0	0	0	0	0	0	0	0
phasiRNA1147	0	0	0	0	0	0	0	0	0	0	0	0	0	0	0	0	0	0
phasiRNA1148	0	0	0	0	1	0	0	0	0	0	0	0	0	1	0	0	0	0
phasiRNA1149	0	0	0	0	0	0	0	0	0	0	0	0	0	0	0	0	0	0
phasiRNA1150	0	0	0	0	0	0	0	0	0	0	0	0	0	0	0	0	0	0
phasiRNA1152	0	0	0	4	6	2	2	4	2	3	0	0	1	1	0	0	0	2
phasiRNA1153	0	0	0	0	0	0	1	0	0	0	0	0	0	0	0	0	0	0
phasiRNA1154	0	0	1	0	0	0	0	0	0	0	0	0	0	0	0	0	0	0
phasiRNA1155	0	0	1	0	0	0	0	0	0	0	0	0	0	0	0	0	0	0
phasiRNA1156	0	0	0	2	0	0	1	0	0	0	0	0	0	0	0	0	0	0
phasiRNA1158	0	0	0	0	1	0	0	0	0	0	0	0	2	0	0	0	0	0
phasiRNA1159	0	0	0	0	2	1	0	0	0	0	0	0	0	1	0	0	0	0
phasiRNA1161	0	0	0	3	1	0	3	1	0	0	0	0	0	1	0	0	0	0
phasiRNA1162	0	0	0	43	16	12	8	2	0	0	0	0	3	10	4	0	0	0
phasiRNA1164	0	0	0	0	4	0	0	0	0	0	0	0	0	0	0	0	0	0
phasiRNA1165	0	0	0	0	0	0	0	0	0	0	0	0	0	0	0	0	0	0
phasiRNA1166	0	0	0	0	0	0	0	0	0	0	0	0	0	0	0	0	0	0
phasiRNA1167	0	0	0	2	0	0	0	0	0	0	0	0	0	0	0	0	0	0
phasiRNA1168	0	0	0	0	1	0	0	0	0	0	0	0	1	0	0	0	0	0
phasiRNA1169	0	0	2	3	3	0	1	0	0	0	0	2	3	0	2	0	0	0
phasiRNA1170	0	0	0	0	0	0	0	0	0	0	0	0	0	0	0	0	0	0
phasiRNA1171	0	0	0	0	1	0	0	0	0	0	0	0	1	0	0	0	0	0
phasiRNA1172	0	0	0	0	1	0	0	0	0	0	0	0	1	0	0	0	0	0
phasiRNA1173	0	0	0	0	0	0	0	0	0	0	0	0	0	0	0	0	0	0
phasiRNA1174	1	0	2	2	2	0	1	0	0	0	0	1	0	0	0	0	0	0
phasiRNA1175	0	0	0	0	0	0	0	0	0	0	0	0	0	0	0	0	0	0
phasiRNA1176	0	0	0	0	0	0	0	0	0	0	0	0	0	0	0	0	0	0
phasiRNA1177	0	0	0	0	0	0	0	0	0	0	0	0	0	0	0	0	0	0
phasiRNA1178	0	0	0	0	0	0	0	0	0	0	0	0	0	0	0	0	0	0
phasiRNA1179	0	0	0	1	0	2	0	0	0	0	0	0	1	0	1	0	0	0
phasiRNA1180	0	0	0	0	0	0	1	0	0	0	0	0	0	1	0	0	0	0
phasiRNA1181	0	0	0	0	0	0	0	0	0	0	0	0	0	1	0	0	0	0
phasiRNA1182	1	9	8	25	19	7	21	12	5	0	0	2	3	12	8	2	3	3
phasiRNA1183	0	0	1	0	0	0	0	0	0	0	0	0	0	0	0	0	0	0
phasiRNA1184	0	1	7	6	5	3	3	1	0	0	0	1	1	0	0	2	0	0
phasiRNA1185	0	0	2	1	7	1	1	0	0	0	0	2	1	2	2	0	0	0
phasiRNA1186	0	0	0	3	12	1	2	0	0	0	0	0	0	0	0	0	0	0
phasiRNA1187	0	0	0	0	0	0	0	0	0	0	0	0	0	0	0	0	0	0
phasiRNA1188	0	0	0	2	18	7	1	0	0	0	0	0	2	0	2	1	0	1
phasiRNA1189	0	0	0	0	0	0	0	0	0	0	0	0	0	0	0	0	0	0
phasiRNA1194	0	0	0	1	0	0	0	1	0	0	0	1	0	0	0	0	0	0
phasiRNA1195	1	1	2	6	7	2	6	0	0	2	2	0	1	1	3	0	0	0
phasiRNA1196	0	0	0	0	0	1	0	0	0	0	0	0	0	0	0	0	0	0
phasiRNA1197	0	0	0	4	1	1	3	0	0	0	0	0	1	2	1	0	0	0
phasiRNA1198	0	0	0	1	5	2	5	1	0	0	0	0	0	1	0	0	0	0
phasiRNA1199	0	0	0	2	4	2	1	3	0	0	0	0	2	3	0	0	0	0
phasiRNA1200	0	0	0	0	0	0	0	0	0	0	0	0	0	0	0	0	0	0
phasiRNA1201	0	0	1	0	0	1	0	0	1	0	0	0	0	0	0	0	0	0
phasiRNA1202	0	0	0	0	0	0	0	0	0	0	0	0	0	1	0	0	0	0
phasiRNA1203	0	0	0	0	0	0	0	0	0	0	0	0	0	0	0	0	0	0
phasiRNA1204	0	0	0	1	1	0	0	0	0	0	0	0	0	0	0	0	0	0
phasiRNA1205	0	0	0	0	0	0	0	0	0	0	0	0	0	0	0	0	0	0
phasiRNA1206	0	0	0	1	0	0	0	0	0	0	0	0	1	0	0	0	0	0
phasiRNA1207	0	0	0	0	0	0	0	0	0	0	0	0	0	0	0	0	0	0
phasiRNA1208	0	0	0	0	1	0	0	0	0	0	0	0	0	0	0	0	0	0
phasiRNA1209	1	0	0	1	2	2	2	1	0	0	0	0	0	0	0	0	0	0
phasiRNA1210	0	0	0	0	0	0	0	0	0	0	0	0	0	0	0	0	0	0
phasiRNA1211	0	0	0	0	0	0	1	0	0	0	0	0	0	0	0	0	0	1
phasiRNA1212	0	0	0	1	0	0	0	0	0	0	0	0	0	0	0	0	0	0
phasiRNA1213	0	0	0	0	0	0	0	0	0	0	0	0	0	0	0	0	0	0
phasiRNA1214	0	0	0	0	0	0	0	0	0	0	0	0	0	0	0	0	0	0
phasiRNA1215	0	0	0	0	0	0	0	0	0	0	0	0	0	0	0	0	0	0
phasiRNA1216	0	0	0	0	0	0	0	0	0	0	0	0	0	0	0	0	0	0
phasiRNA1223	0	1	2	2	5	2	2	0	0	0	0	0	0	0	0	0	0	0
phasiRNA1224	0	0	0	0	1	0	1	0	0	0	0	0	0	0	0	0	0	0
phasiRNA1225	0	0	0	0	0	0	0	0	0	0	0	0	0	0	0	0	0	0
phasiRNA1226	0	1	1	2	3	1	0	0	0	0	0	0	0	0	0	1	0	0
phasiRNA1227	6	7	3	27	28	10	31	13	5	4	0	6	2	5	4	13	0	3
phasiRNA1228	2	0	1	0	2	1	1	1	1	0	0	1	0	0	0	0	0	0
phasiRNA1229	0	0	1	0	0	0	1	0	0	0	0	0	0	0	0	0	0	0
phasiRNA1230	0	0	0	0	0	0	0	0	0	0	0	0	0	0	0	0	0	0
phasiRNA1231	0	0	0	1	0	2	0	0	0	0	0	0	0	0	0	0	0	0
phasiRNA1232	0	0	0	0	0	0	0	0	0	0	0	0	0	0	0	0	0	0
phasiRNA1233	0	0	0	0	0	0	0	0	0	0	0	0	0	0	0	0	0	0
phasiRNA1234	0	0	0	1	2	0	1	0	0	0	0	0	0	0	0	0	0	0
phasiRNA1235	1	4	0	17	4	5	20	4	1	0	0	0	2	0	2	0	0	0
phasiRNA1236	0	0	0	0	0	0	0	0	0	0	0	0	0	0	0	0	0	0
phasiRNA1237	0	0	0	0	0	0	0	0	0	0	0	0	0	0	0	0	0	0
phasiRNA1238	2	0	0	3	4	4	1	0	0	1	0	2	2	0	0	1	0	0
phasiRNA1239	0	0	0	0	0	0	0	0	0	0	0	0	0	0	0	0	0	0
phasiRNA1240	0	0	0	0	0	0	0	0	0	0	0	0	0	0	0	0	0	0
phasiRNA1241	0	0	0	0	0	0	0	0	0	0	0	0	0	0	0	0	0	0
phasiRNA1242	0	0	3	6	1	1	8	3	0	1	0	0	0	0	0	0	0	1
phasiRNA1243	0	0	0	0	0	0	1	0	0	0	0	0	0	0	0	0	0	0
phasiRNA1244	0	0	0	0	1	0	0	0	0	0	0	0	0	0	0	0	0	0
phasiRNA1245	7	3	7	21	16	10	16	11	4	0	1	6	3	8	4	4	0	2
phasiRNA1246	0	3	6	1	4	3	4	6	1	0	0	1	1	1	2	1	2	1
phasiRNA1247	0	0	0	0	0	0	1	0	0	0	0	0	0	0	0	0	0	0
phasiRNA1248	0	0	0	5	2	0	3	0	0	0	0	0	3	2	0	0	0	0
phasiRNA1249	0	1	0	0	0	0	0	0	0	0	0	0	0	0	0	0	0	0
phasiRNA1250	3	1	3	0	3	0	2	0	0	2	0	2	1	2	1	0	0	1
phasiRNA1251	1	0	2	0	0	0	1	2	0	0	0	0	0	0	0	0	0	0
phasiRNA1254	2	0	1	33	81	24	23	8	0	0	0	0	6	13	9	2	1	2
phasiRNA1255	1	0	2	1	2	2	0	0	0	1	0	0	1	0	0	0	0	0
phasiRNA1256	0	0	0	0	0	1	0	0	0	0	0	0	0	0	0	0	0	0
phasiRNA1257	0	0	1	0	4	4	2	0	0	0	0	0	0	3	0	0	0	0
phasiRNA1258	0	0	0	0	0	0	0	0	0	0	0	0	0	0	0	0	0	0
phasiRNA1259	0	0	1	0	1	1	0	1	0	0	0	0	2	0	0	0	0	0
phasiRNA1260	0	0	0	0	0	0	3	0	0	0	0	0	0	0	0	1	0	0
phasiRNA1261	0	0	0	1	1	0	1	2	0	0	0	0	0	0	0	0	0	0
phasiRNA1262	0	0	0	1	0	0	0	0	0	0	0	0	0	0	0	1	0	0
phasiRNA1263	0	0	0	1	0	0	3	0	0	0	0	0	0	0	0	0	0	1
phasiRNA1264	0	0	0	0	2	2	0	1	0	0	0	0	0	2	0	0	0	0
phasiRNA1265	0	0	1	2	4	0	2	1	0	1	0	0	1	0	0	1	1	0
phasiRNA1266	0	0	0	0	0	0	0	0	0	0	0	0	0	0	0	0	0	0
phasiRNA1267	0	0	0	1	8	2	1	0	0	0	0	0	2	5	0	0	0	0
phasiRNA1268	1	0	1	4	3	6	2	3	0	1	0	1	2	0	2	1	0	1
phasiRNA1269	0	1	0	1	0	3	1	0	0	0	0	1	1	0	0	0	0	0
phasiRNA1270	0	0	4	1	0	2	2	0	0	0	0	0	0	1	0	1	1	0
phasiRNA1271	0	0	0	0	0	0	0	0	0	0	0	0	0	0	0	0	0	0
phasiRNA1272	0	0	1	0	1	1	1	0	0	0	0	0	0	0	0	0	0	0
phasiRNA1273	0	0	0	1	0	0	0	0	1	0	0	0	0	1	0	0	0	0
phasiRNA1274	0	0	0	0	0	0	0	0	0	0	0	0	0	0	0	0	0	0
phasiRNA1275	0	0	4	5	5	5	6	1	0	1	0	0	3	0	1	1	0	0
phasiRNA1276	2	1	0	3	5	2	5	0	0	1	0	0	0	1	2	0	0	1
phasiRNA1277	0	0	0	1	3	0	0	0	0	0	0	0	0	1	0	0	0	0
phasiRNA1278	0	0	0	0	0	0	0	0	0	0	0	0	0	1	0	0	0	0
phasiRNA1279	0	1	0	62	51	25	4	3	0	0	0	0	7	23	8	0	1	0
phasiRNA1280	0	0	0	0	0	0	0	1	1	0	0	0	0	0	0	0	0	0
phasiRNA1281	2	2	3	4	2	0	3	0	0	1	0	0	1	1	0	0	0	1
phasiRNA1282	0	0	0	0	0	0	0	0	0	0	0	0	0	0	0	0	0	0
phasiRNA1283	0	0	1	0	1	0	0	0	0	0	0	0	0	0	0	0	0	0
phasiRNA1284	0	0	0	0	0	0	0	0	0	0	0	0	0	0	0	0	0	0
phasiRNA1285	0	0	0	0	0	0	0	0	0	0	0	0	0	0	0	0	0	0
phasiRNA1286	1	1	1	7	4	2	4	3	1	0	0	1	1	0	1	1	0	1
phasiRNA1287	0	0	0	0	1	0	1	0	0	0	0	0	0	0	0	0	0	0
phasiRNA1288	0	0	0	0	0	0	0	0	0	0	0	0	0	0	0	0	0	0
phasiRNA1289	0	0	0	0	1	0	1	1	0	0	0	0	0	0	0	0	0	0
phasiRNA1290	0	0	0	0	2	0	0	0	0	0	0	0	0	0	0	0	0	0
phasiRNA1291	0	0	1	0	0	0	0	0	0	0	0	0	0	0	0	0	0	0
phasiRNA1292	0	0	0	0	0	0	0	0	0	0	0	0	0	0	0	0	0	0
phasiRNA1293	0	0	0	1	0	0	0	0	0	0	0	0	0	0	0	0	0	0
phasiRNA1296	0	0	0	0	0	0	0	0	0	0	0	0	0	0	0	0	0	0
phasiRNA1297	0	0	0	0	1	0	0	0	0	0	0	0	0	0	2	0	0	0
phasiRNA1298	0	0	0	0	6	0	4	1	0	0	0	0	1	0	0	0	0	0
phasiRNA1299	0	0	0	3	0	0	1	0	0	0	0	0	0	0	0	0	0	0
phasiRNA1300	0	0	1	1	0	1	3	0	0	0	0	0	0	1	2	0	0	0
phasiRNA1301	0	0	0	0	2	0	0	2	0	0	0	0	0	1	0	0	0	0
phasiRNA1302	0	0	0	1	1	0	0	0	0	0	0	0	1	1	1	0	0	0
phasiRNA1303	0	0	0	0	0	0	0	0	0	0	0	0	0	0	0	0	0	0
phasiRNA1304	0	0	0	0	0	0	2	0	0	0	0	0	0	0	0	0	0	0
phasiRNA1305	0	0	1	0	0	3	0	0	0	0	0	0	0	0	0	0	0	0
phasiRNA1306	0	0	0	1	0	0	0	0	0	0	0	0	0	0	0	0	0	0
phasiRNA1307	1	5	8	20	7	1	3	4	0	2	0	0	2	0	0	1	0	0
phasiRNA1308	0	0	0	0	0	0	1	0	0	0	0	0	0	0	0	0	0	0
phasiRNA1309	0	0	1	0	0	0	0	0	0	0	0	0	0	0	0	0	0	0
phasiRNA1310	0	0	0	0	0	0	0	0	0	0	0	0	0	0	0	0	0	0
phasiRNA1311	0	0	0	0	0	0	0	0	0	0	0	0	0	0	0	0	0	0
phasiRNA1312	0	0	0	0	0	0	0	0	0	0	0	0	0	0	0	0	0	0
phasiRNA1313	2	0	1	1	0	0	2	2	1	0	1	1	0	0	0	0	0	0
phasiRNA1314	0	0	0	0	0	0	0	0	0	0	0	0	0	0	0	0	0	0
phasiRNA1315	0	0	0	0	0	0	0	0	0	0	0	0	0	0	0	0	0	0
phasiRNA1316	0	0	0	0	0	0	0	0	0	0	0	0	0	0	0	0	0	0
phasiRNA1317	0	0	0	0	0	0	0	0	0	0	0	0	0	0	0	0	0	0
phasiRNA1318	0	0	0	0	0	0	0	0	0	0	0	0	0	0	0	0	0	0
phasiRNA1331	0	0	1	1	1	0	4	0	0	0	0	0	0	0	0	0	0	0
phasiRNA1332	0	0	0	4	9	3	1	4	0	0	0	0	0	4	0	0	0	0
phasiRNA1333	0	1	0	3	6	0	1	0	0	0	0	0	0	0	0	0	0	0
phasiRNA1334	0	0	0	0	0	0	1	1	0	0	0	0	0	0	0	0	0	0
phasiRNA1335	0	0	1	2	0	2	1	0	0	0	0	0	1	0	0	1	0	0
phasiRNA1336	0	0	0	0	0	0	0	2	0	0	0	0	0	0	0	0	0	0
phasiRNA1337	0	0	0	5	3	0	0	3	0	0	0	0	0	0	2	0	0	0
phasiRNA1338	0	0	0	0	0	0	0	0	0	0	0	0	0	0	0	0	0	0
phasiRNA1339	0	0	3	0	0	0	0	0	0	0	0	0	0	0	0	0	0	0
phasiRNA134	11	15	43	44	28	23	110	47	9	17	13	18	19	11	12	14	5	8
phasiRNA1346	0	1	0	2	0	1	2	0	0	0	0	0	5	0	2	0	0	0
phasiRNA1347	0	0	0	4	4	0	1	0	0	0	0	0	1	3	0	0	0	0
phasiRNA1348	0	0	0	0	0	0	0	0	0	0	0	0	0	0	0	0	0	0
phasiRNA1349	0	0	0	0	0	0	0	0	0	0	0	0	0	0	0	0	0	0
phasiRNA135	2	0	0	0	1	0	1	0	0	0	0	0	2	0	0	0	0	0
phasiRNA1350	1	1	4	2	4	4	5	2	0	0	0	2	3	1	2	1	0	0
phasiRNA1351	0	0	0	6	0	1	6	2	0	0	0	0	0	0	1	0	0	1
phasiRNA1352	0	0	0	0	0	0	1	0	0	0	0	0	0	0	0	0	0	0
phasiRNA1353	0	0	0	0	0	0	0	0	0	0	0	0	0	0	0	0	0	1
phasiRNA1355	0	0	0	0	0	0	0	0	0	0	0	0	0	0	0	0	0	0
phasiRNA1356	0	0	0	0	0	2	0	0	0	0	0	0	0	0	0	0	0	0
phasiRNA1357	0	0	0	0	1	0	0	0	0	0	0	0	0	0	0	0	0	0
phasiRNA1358	0	0	0	0	0	0	0	0	0	0	0	0	0	0	0	0	0	0
phasiRNA1359	0	0	0	0	1	1	5	0	0	0	0	0	0	0	0	0	0	0
phasiRNA1362	0	0	0	0	0	0	0	0	0	1	0	0	0	0	0	0	0	0
phasiRNA1363	0	0	0	0	0	1	0	0	0	0	0	0	0	0	0	0	0	0
phasiRNA1364	0	0	0	0	0	0	0	0	0	0	0	0	0	0	0	0	0	0
phasiRNA1365	0	0	0	0	0	0	0	0	0	0	0	0	0	0	0	0	0	0
phasiRNA1366	0	0	0	0	0	0	0	0	0	0	0	0	0	0	0	0	0	0
phasiRNA1367	0	0	0	0	0	0	0	0	0	0	0	0	0	0	0	0	0	0
phasiRNA1368	0	0	0	0	0	0	0	0	0	0	0	0	0	0	0	0	0	0
phasiRNA1369	0	0	0	0	2	0	0	0	0	0	0	0	0	0	1	0	0	0
phasiRNA137	0	0	1	4	0	1	2	0	0	0	0	0	0	1	0	0	0	1
phasiRNA1370	0	0	0	1	0	0	0	0	0	0	0	0	0	0	0	0	0	0
phasiRNA1371	0	0	0	0	0	0	1	0	0	0	0	0	0	0	1	0	0	0
phasiRNA1372	1	0	0	9	1	0	3	1	0	0	0	0	0	0	1	1	0	0
phasiRNA1373	0	0	0	1	2	0	2	0	0	0	0	0	0	0	0	0	0	0
phasiRNA1374	0	0	0	1	0	0	0	0	0	0	0	0	0	0	0	0	0	0
phasiRNA1375	0	0	2	0	0	0	1	0	0	0	0	0	0	0	0	0	0	0
phasiRNA1376	0	0	0	0	1	0	0	0	0	0	0	0	0	0	0	0	0	0
phasiRNA1377	0	0	1	0	0	0	1	0	0	0	0	0	0	0	0	0	0	0
phasiRNA1380	0	1	2	1	0	1	0	1	0	0	0	0	0	1	0	0	0	0
phasiRNA1381	0	0	0	0	0	0	0	0	0	0	0	0	0	0	0	0	0	0
phasiRNA1382	0	0	0	0	0	1	0	0	0	0	0	0	0	0	1	2	0	0
phasiRNA1383	0	0	2	0	1	0	0	0	0	0	0	0	0	0	0	0	0	0
phasiRNA1384	0	0	0	0	0	0	0	1	0	0	0	1	0	0	0	0	0	0
phasiRNA1385	0	0	0	0	0	0	0	0	0	0	0	0	0	0	0	0	0	0
phasiRNA1387	0	0	0	0	0	0	0	0	0	0	0	0	0	0	0	0	0	0
phasiRNA1388	0	0	0	0	0	0	0	0	0	0	0	0	0	0	0	0	0	0
phasiRNA1390	1	0	0	4	9	4	6	0	2	0	0	0	4	0	2	2	0	0
phasiRNA1391	1	0	5	7	9	0	2	0	0	1	0	0	1	1	0	3	0	0
phasiRNA1392	1	1	2	1	1	0	0	1	0	7	1	0	2	1	1	0	0	0
phasiRNA1393	1	2	1	7	13	5	9	3	3	0	0	0	2	3	2	2	2	0
phasiRNA1394	32	25	90	112	138	66	113	66	16	24	13	33	33	33	28	14	3	14
phasiRNA1395	60	56	304	157	288	98	216	114	8	65	14	40	46	43	46	66	9	22
phasiRNA1396	0	0	0	9	7	3	1	0	0	0	0	0	0	1	0	0	0	2
phasiRNA1397	0	0	4	5	2	1	1	2	0	0	0	0	1	1	0	0	0	0
phasiRNA1398	1	0	1	1	4	2	1	2	0	0	0	0	1	2	0	0	0	1
phasiRNA1399	0	0	0	12	5	6	5	0	0	0	0	0	0	1	0	0	0	0
phasiRNA1400	0	0	0	0	0	0	0	0	0	0	0	0	1	0	0	0	0	0
phasiRNA1401	3	3	11	11	27	7	9	7	0	5	1	3	2	4	1	0	0	3
phasiRNA1402	11	2	63	11	41	12	20	22	5	23	2	20	13	15	14	12	8	9
phasiRNA1403	0	0	0	0	1	0	0	0	0	0	0	0	0	0	0	1	0	0
phasiRNA1404	15	14	58	46	88	47	127	58	7	13	4	18	20	23	17	20	3	14
phasiRNA1406	0	0	0	0	0	0	0	0	0	0	0	0	0	0	0	0	0	0
phasiRNA1407	468	385	1757	1075	1648	816	2435	1217	115	429	126	486	480	456	290	404	58	275
phasiRNA1408	0	0	7	2	1	1	2	1	0	0	1	0	0	0	0	0	0	0
phasiRNA1409	1	0	0	5	4	0	2	0	0	0	0	1	0	0	0	0	0	0
phasiRNA1410	0	0	0	0	1	0	0	0	0	0	0	0	0	0	0	0	0	0
phasiRNA1413	0	2	4	4	1	3	4	3	2	0	0	0	0	1	0	1	0	0
phasiRNA1414	0	0	0	0	0	0	0	0	0	0	0	0	0	0	0	0	0	0
phasiRNA1415	1	5	2	8	5	1	6	1	2	0	1	2	2	0	2	0	0	0
phasiRNA1416	1	0	1	2	1	0	2	1	0	0	0	0	0	0	0	0	0	0
phasiRNA1417	1	0	4	39	44	16	6	2	0	0	1	0	8	7	6	1	1	3
phasiRNA1419	0	0	5	6	8	1	6	1	0	0	1	2	0	0	0	1	0	0
phasiRNA1420	0	1	0	1	2	1	1	0	0	0	0	0	0	0	0	0	0	0
phasiRNA1421	0	2	3	10	4	0	6	4	0	1	0	0	2	3	0	0	0	0
phasiRNA1422	2	2	7	6	1	1	10	5	1	1	0	0	0	0	0	2	0	0
phasiRNA1423	0	0	1	0	0	0	0	0	0	0	0	0	0	0	0	1	0	0
phasiRNA1424	0	0	0	5	7	0	2	3	0	0	0	0	2	3	0	0	0	0
phasiRNA1425	0	0	0	0	0	1	0	0	0	0	0	0	0	0	0	0	0	0
phasiRNA1427	14	1	21	21	21	11	33	10	1	1	2	6	14	16	13	7	3	5
phasiRNA1428	1	0	0	3	1	0	0	1	0	0	0	0	0	0	0	0	0	0
phasiRNA1431	0	0	0	0	0	0	0	0	0	0	0	0	0	0	0	0	0	0
phasiRNA1433	0	0	0	0	0	0	0	2	0	0	0	0	0	0	0	0	0	0
phasiRNA1434	0	0	0	0	0	0	0	0	0	0	0	0	0	0	0	0	0	0
phasiRNA1435	0	0	0	0	0	0	0	0	0	0	0	0	0	0	0	0	0	0
phasiRNA1436	0	0	0	0	0	0	0	0	0	0	0	0	0	0	0	0	0	0
phasiRNA1437	0	0	0	0	0	0	0	0	0	0	0	0	0	0	0	0	0	0
phasiRNA1438	0	0	0	0	0	0	0	0	0	0	0	1	0	0	0	0	0	0
phasiRNA1439	0	0	0	0	1	0	2	0	0	2	0	0	0	0	0	0	0	0
phasiRNA1440	0	0	0	0	0	0	0	0	0	0	0	0	0	1	0	0	0	0
phasiRNA1442	0	0	0	0	0	0	0	0	0	0	0	0	0	0	0	0	0	0
phasiRNA1443	0	0	0	1	0	0	0	0	0	0	0	0	0	1	0	0	0	0
phasiRNA1444	0	0	0	0	0	0	0	0	0	0	0	0	0	0	0	0	0	0
phasiRNA1445	1	3	4	10	4	1	6	4	1	0	0	2	0	0	2	1	0	0
phasiRNA1451	0	0	0	0	0	0	0	0	0	0	0	0	0	0	0	0	0	0
phasiRNA1452	0	0	0	0	0	0	0	0	0	0	0	0	0	0	0	0	0	0
phasiRNA1453	0	0	0	0	0	0	0	0	0	0	0	0	0	0	0	0	0	0
phasiRNA1462	0	2	0	7	6	5	4	2	0	1	0	1	0	0	0	0	0	0
phasiRNA1464	0	0	0	2	2	0	1	0	0	0	0	0	1	2	0	0	0	0
phasiRNA1465	1	0	7	16	13	9	15	11	0	0	1	2	2	2	2	1	0	2
phasiRNA1466	0	1	0	2	1	0	0	1	0	0	0	0	0	0	0	0	0	0
phasiRNA1467	0	0	1	0	0	1	5	1	3	1	0	0	1	0	0	0	0	0
phasiRNA1468	0	1	0	1	1	0	1	1	0	0	0	0	0	0	2	0	1	1
phasiRNA1469	1	2	3	10	16	3	18	7	1	0	0	5	2	0	0	0	0	1
phasiRNA1471	0	6	4	2	0	3	5	1	0	1	1	0	3	0	0	2	0	0
phasiRNA1475	0	0	0	0	0	0	0	0	0	0	0	0	0	0	0	0	0	0
phasiRNA1476	7	9	31	16	17	8	29	11	0	3	1	8	1	8	3	1	0	1
phasiRNA1477	0	0	4	0	0	1	3	0	0	0	0	0	0	0	0	0	0	0
phasiRNA1478	0	3	1	1	2	0	2	0	0	0	0	0	0	0	0	1	0	0
phasiRNA1480	1	0	0	4	8	2	1	0	0	0	0	0	3	2	0	0	0	0
phasiRNA1481	6	4	22	34	42	26	51	24	1	5	0	1	6	13	4	10	1	6
phasiRNA1482	610	364	1506	1272	1382	759	2889	1757	358	680	164	582	551	695	734	465	181	438
phasiRNA1483	0	0	1	0	1	0	0	0	0	0	0	0	1	0	0	0	0	0
phasiRNA1493	0	0	0	1	0	1	0	0	0	0	0	0	0	0	1	0	0	0
phasiRNA1494	0	0	4	5	4	1	5	1	0	0	0	0	1	0	0	0	0	0
phasiRNA1495	1	2	5	15	16	5	17	0	0	0	0	5	3	3	0	0	0	0
phasiRNA1501	0	0	0	0	1	0	0	0	0	0	0	0	0	0	1	0	0	0
phasiRNA1502	0	0	0	2	2	1	1	1	0	0	0	0	1	0	0	0	0	0
phasiRNA1503	0	0	0	0	1	2	0	0	0	0	0	0	0	0	0	0	0	0
phasiRNA1504	1	0	0	1	6	1	0	0	0	0	0	0	0	0	2	0	0	0
phasiRNA1505	5	0	3	1	2	5	5	2	0	2	0	1	1	4	1	0	0	3
phasiRNA1506	0	0	0	0	1	0	1	0	0	0	0	0	0	0	0	0	0	0
phasiRNA1508	72	46	316	3289	2176	838	986	251	49	90	21	95	776	1546	675	231	59	123
phasiRNA1509	1	0	3	14	3	3	1	2	1	0	0	5	6	11	2	1	0	1
phasiRNA1510	3	2	10	1	14	3	5	5	1	3	0	2	1	2	0	2	2	1
phasiRNA1515	0	0	0	0	0	0	0	0	0	0	0	0	0	0	0	0	0	0
phasiRNA1517	2	2	10	4	1	0	2	5	0	2	0	0	0	2	0	0	0	0
phasiRNA1518	0	0	0	0	0	0	0	0	0	0	0	0	0	1	0	0	0	0
phasiRNA1519	7	8	19	8	18	8	21	12	2	13	0	5	6	2	5	4	1	2
phasiRNA1520	2	7	22	9	16	6	6	3	1	3	1	0	4	5	0	1	0	0
phasiRNA1521	3	2	4	50	67	31	22	2	0	1	0	0	13	25	4	3	0	3
phasiRNA1523	0	0	0	0	0	0	0	0	0	0	0	0	0	0	0	0	0	0
phasiRNA1524	0	2	3	4	5	2	7	0	0	0	0	0	3	1	0	1	0	0
phasiRNA1525	0	0	0	1	0	0	0	0	0	0	0	0	0	1	0	0	0	0
phasiRNA1526	0	0	1	1	0	1	1	0	1	0	1	0	2	0	1	0	0	0
phasiRNA1527	1	0	1	1	0	1	1	0	0	0	0	0	2	5	1	0	0	2
phasiRNA1528	0	0	0	0	0	0	0	0	0	0	0	0	0	0	0	0	0	0
phasiRNA1529	0	0	0	0	0	0	0	0	0	0	0	0	0	0	0	0	0	0
phasiRNA1530	4	1	4	20	23	21	22	13	4	1	0	7	7	10	5	2	1	3
phasiRNA1532	0	0	2	2	6	0	1	0	0	0	0	0	3	1	0	2	0	1
phasiRNA1534	0	0	0	0	0	0	0	0	0	0	0	0	0	0	0	0	0	0
phasiRNA1538	1	0	0	0	3	0	0	0	0	2	0	2	0	0	0	0	0	0
phasiRNA1539	0	0	0	0	0	0	0	0	0	0	0	0	0	0	0	0	0	0
phasiRNA1544	0	0	0	0	0	0	0	0	0	0	0	0	0	0	0	0	0	0
phasiRNA1547	0	0	0	0	0	0	0	0	0	0	0	0	2	0	0	0	0	0
phasiRNA1549	0	0	0	0	0	0	1	1	0	0	0	0	0	0	0	0	0	0
phasiRNA1550	1	0	0	11	6	1	10	0	1	0	0	0	1	0	1	1	0	2
phasiRNA1551	3	2	0	19	18	8	31	7	0	1	0	0	1	2	0	1	0	0
phasiRNA1552	0	0	0	1	0	1	1	0	0	0	0	0	0	0	0	1	0	0
phasiRNA1557	0	0	0	0	1	1	1	1	0	0	0	0	0	1	0	0	0	0
phasiRNA1558	2	1	2	4	16	4	11	11	0	0	0	1	3	0	0	2	0	0
phasiRNA1559	0	0	3	1	3	1	7	1	1	0	0	2	1	1	0	0	0	0
phasiRNA1563	1	1	1	3	2	3	4	2	0	0	0	0	1	0	0	0	1	0
phasiRNA1569	0	4	0	1	0	4	3	1	0	0	0	0	1	0	0	1	0	0
phasiRNA1578	0	0	0	0	0	0	0	0	0	0	0	0	0	0	0	0	0	0
phasiRNA1583	0	0	0	0	0	0	0	0	0	0	0	0	0	0	0	0	0	0
phasiRNA1584	0	4	6	44	55	14	13	13	4	0	1	3	14	22	6	3	2	2
phasiRNA1585	0	0	0	0	0	0	0	0	0	0	0	0	0	0	0	0	0	0
phasiRNA1588	1	1	0	2	1	1	0	0	0	0	0	0	0	0	2	0	0	1
phasiRNA1590	1	3	0	17	21	11	44	7	2	2	0	0	2	13	2	1	1	2
phasiRNA1593	1	0	3	9	6	3	3	2	0	0	0	2	0	0	0	0	0	2
phasiRNA1598	0	2	0	1	0	1	0	0	0	0	0	0	0	0	0	1	0	0
phasiRNA1600	0	0	1	4	11	1	0	2	0	0	0	0	0	1	0	0	0	0
phasiRNA1601	0	0	0	0	0	0	0	0	0	0	0	0	0	0	0	0	0	0
phasiRNA1602	0	0	0	3	0	0	0	3	0	0	0	0	2	1	1	0	0	0
phasiRNA1604	0	0	0	0	0	0	0	0	0	0	0	0	0	0	0	0	0	0
phasiRNA1605	0	0	0	0	0	0	0	2	0	0	0	0	0	0	0	0	0	0
phasiRNA1606	0	0	0	0	0	0	0	0	0	0	0	0	0	0	0	0	0	0
phasiRNA1615	0	0	0	0	0	0	0	0	0	0	0	0	0	0	0	0	0	0
phasiRNA1616	0	0	0	1	1	0	0	0	0	0	0	0	0	1	0	0	0	0
phasiRNA1618	0	0	0	0	2	0	1	0	0	0	0	1	0	0	0	0	0	0
phasiRNA1620	3	0	11	0	5	4	9	8	0	2	0	0	0	1	1	2	0	4
phasiRNA1622	1	0	1	28	27	6	12	3	2	0	0	0	3	11	5	1	2	1
phasiRNA1623	0	0	0	0	0	0	0	0	0	0	0	0	0	0	0	0	0	0
phasiRNA1624	0	0	0	0	0	0	0	0	0	0	0	0	0	0	1	0	0	0
phasiRNA1626	0	0	0	0	0	0	1	0	0	0	0	0	0	0	0	0	0	0
phasiRNA1627	0	0	0	0	0	0	0	0	0	0	0	0	0	0	0	0	0	0
phasiRNA1628	0	1	1	0	3	1	1	1	0	0	0	0	1	0	2	2	0	0
phasiRNA1630	0	0	2	1	5	3	0	0	1	0	0	0	1	0	0	0	0	0
phasiRNA1631	0	1	5	1	3	0	7	2	0	0	0	1	1	1	0	0	1	1
phasiRNA1632	0	0	1	0	0	0	1	0	0	0	0	0	0	0	1	0	0	0
phasiRNA1633	0	0	4	0	0	3	0	1	0	1	1	1	0	0	0	0	0	1
phasiRNA1634	0	0	4	1	1	0	3	2	0	1	0	0	2	0	1	0	0	0
phasiRNA1635	0	3	1	9	10	5	17	3	1	1	0	1	0	1	0	2	1	2
phasiRNA1636	0	2	2	1	3	2	1	0	0	0	0	0	0	1	0	0	0	0
phasiRNA1637	0	1	2	0	0	0	0	0	0	2	0	0	0	0	0	0	0	0
phasiRNA1638	0	0	0	4	4	0	0	2	0	0	0	0	0	0	1	0	0	1
phasiRNA1639	2	0	3	1	2	0	1	1	1	0	0	2	1	0	1	0	0	0
phasiRNA1641	0	0	0	0	0	0	0	0	0	0	0	0	0	0	0	0	0	0
phasiRNA1644	0	0	0	1	0	0	0	0	0	0	0	0	0	0	0	0	0	0
phasiRNA1645	1	0	0	4	0	0	0	0	0	0	0	0	0	0	0	0	0	0
phasiRNA1646	0	0	0	0	0	0	0	0	0	0	0	0	0	0	0	0	0	0
phasiRNA1647	0	0	0	0	0	0	0	0	0	0	0	0	0	0	0	0	0	0
phasiRNA1648	1	0	0	2	1	1	0	1	0	0	0	1	0	0	0	0	0	0
phasiRNA1649	0	0	0	1	0	0	2	1	0	0	0	1	0	0	0	1	0	0
phasiRNA1650	1	0	0	3	3	1	2	1	0	0	0	0	1	1	0	0	0	0
phasiRNA1651	0	0	0	0	0	1	0	1	0	0	0	0	1	1	0	0	0	0
phasiRNA1655	0	0	0	2	0	0	2	0	0	0	0	0	0	0	1	0	0	0
phasiRNA1656	0	0	0	1	14	1	2	1	0	0	0	0	1	0	1	0	0	0
phasiRNA1658	0	5	5	4	6	1	3	0	0	1	0	2	1	0	0	3	0	0
phasiRNA1659	0	0	0	0	0	0	1	0	0	0	0	0	0	0	0	0	0	0
phasiRNA1660	0	0	0	1	0	0	0	0	0	0	0	0	0	0	0	0	0	0
phasiRNA1661	0	0	0	0	0	0	0	0	0	0	0	0	0	0	0	0	0	0
phasiRNA1662	1	0	1	5	4	3	6	2	1	0	0	0	0	1	4	0	1	0
phasiRNA1663	0	0	0	0	0	1	0	0	0	0	0	0	0	0	1	0	0	0
phasiRNA1664	0	0	0	0	0	0	0	0	0	0	0	0	0	0	0	0	0	0
phasiRNA1665	0	0	0	4	1	0	0	0	0	1	0	0	0	0	0	0	0	0
phasiRNA1666	0	1	1	8	6	1	8	2	0	0	0	2	0	7	5	4	0	0
phasiRNA1667	0	0	0	0	0	0	0	0	0	0	0	0	0	1	0	0	0	0
phasiRNA1668	0	1	1	0	0	0	0	0	0	0	0	0	0	0	1	0	0	1
phasiRNA1669	0	0	0	0	1	0	0	0	0	0	0	0	0	0	0	0	0	0
phasiRNA1695	5	10	41	84	164	60	145	37	5	17	2	16	25	26	15	13	8	10
phasiRNA1696	0	0	0	0	0	0	0	0	0	0	0	0	0	0	0	0	0	0
phasiRNA1697	1	1	3	8	11	4	13	7	0	3	0	2	4	4	4	2	0	3
phasiRNA1698	7	9	8	20	21	12	33	10	4	15	3	2	10	7	6	10	1	2
phasiRNA1699	0	0	1	0	0	0	2	0	0	1	0	0	1	2	1	0	0	0
phasiRNA1700	1	1	4	5	10	5	6	1	1	0	0	0	1	0	0	0	0	0
phasiRNA1701	10	22	25	26	31	17	34	10	7	6	6	0	4	0	2	3	2	3
phasiRNA1702	0	0	0	1	6	1	1	0	0	0	1	0	0	0	0	0	0	0
phasiRNA1703	7	7	16	28	23	6	17	7	2	4	0	2	3	6	6	3	0	3
phasiRNA1704	43	46	169	174	160	100	295	146	24	24	11	40	34	40	32	23	8	15
phasiRNA1705	3	3	7	17	28	12	21	7	8	0	0	1	2	4	0	1	1	2
phasiRNA1706	0	0	0	0	0	0	0	0	0	0	0	0	0	0	0	0	0	0
phasiRNA1707	1	1	1	9	18	1	5	4	1	0	0	0	0	0	1	0	0	0
phasiRNA1708	5	2	22	7	17	5	11	8	0	4	0	3	2	0	0	0	2	2
phasiRNA1709	46	42	90	228	226	141	326	142	33	28	8	23	57	50	50	37	13	25
phasiRNA1710	34	39	115	214	185	90	464	97	20	37	9	59	59	58	36	31	8	11
phasiRNA1711	10	23	73	54	96	34	127	46	8	19	2	13	16	12	10	16	1	9
phasiRNA1712	19	10	27	29	30	18	53	26	3	8	2	5	6	13	12	6	3	4
phasiRNA1713	0	0	3	7	9	2	5	0	0	0	0	1	1	1	0	0	0	0
phasiRNA1714	0	0	0	3	0	1	0	1	0	0	0	0	0	0	0	0	0	0
phasiRNA1715	55	34	139	171	209	100	304	151	49	33	9	40	75	90	90	64	20	45
phasiRNA1716	0	0	0	0	0	0	0	0	0	0	0	0	0	0	0	0	0	0
phasiRNA1717	2	1	0	3	7	5	8	0	0	1	0	0	2	1	1	0	0	0
phasiRNA1718	1	1	2	2	4	1	2	0	1	0	0	0	4	2	2	1	0	1
phasiRNA1719	1	0	2	8	10	3	2	5	0	0	0	0	2	2	6	0	0	0
phasiRNA1720	0	0	0	2	0	0	0	0	0	0	0	0	1	1	0	0	0	0
phasiRNA1721	0	2	1	0	3	1	0	0	0	0	0	0	0	0	0	0	0	0
phasiRNA1724	0	0	1	2	1	1	2	1	0	0	0	0	0	0	0	0	0	0
phasiRNA1725	0	0	1	4	6	4	2	2	0	1	2	0	5	3	1	1	0	0
phasiRNA1726	0	2	2	22	26	4	10	3	1	0	0	0	2	4	6	0	0	1
phasiRNA1727	0	1	6	2	3	1	4	1	0	0	1	0	1	1	0	0	0	0
phasiRNA1728	2	2	18	12	19	14	20	5	0	5	2	8	7	5	2	0	0	0
phasiRNA1729	5	5	3	18	12	5	10	5	5	3	0	5	5	5	4	8	1	2
phasiRNA1730	9	6	6	22	19	11	34	14	1	1	0	4	5	4	6	3	0	4
phasiRNA1731	1	1	4	13	11	5	10	3	0	0	0	1	2	2	0	0	0	1
phasiRNA1732	0	0	0	0	0	0	0	0	0	0	0	0	0	0	0	0	0	0
phasiRNA1733	0	0	0	0	0	0	0	0	0	0	0	0	0	0	0	0	0	0
phasiRNA1734	0	0	0	0	1	1	2	0	0	0	0	0	0	1	0	0	0	0
phasiRNA1735	1	1	0	0	3	1	1	0	0	2	0	0	0	0	0	0	1	0
phasiRNA1736	1	1	1	7	8	3	7	2	0	1	0	0	3	2	1	0	0	0
phasiRNA1737	0	0	0	4	3	1	0	1	0	0	0	0	3	0	1	1	0	1
phasiRNA1738	0	0	2	3	1	0	2	1	0	0	0	0	0	1	3	0	0	0
phasiRNA1739	1	1	0	1	0	3	2	0	1	0	0	2	0	0	0	1	0	0
phasiRNA1740	0	0	0	0	0	0	0	0	0	0	0	0	0	0	0	0	0	0
phasiRNA1741	1	0	2	7	5	2	5	1	0	0	0	0	2	1	0	3	0	0
phasiRNA1742	0	0	0	0	0	0	0	0	0	0	0	0	0	0	0	0	0	0
phasiRNA1743	0	0	0	0	0	0	0	0	0	0	0	0	0	0	0	0	0	0
phasiRNA1744	0	0	0	0	0	0	0	0	0	0	0	0	0	0	0	0	0	0
phasiRNA1745	0	0	0	0	0	0	0	0	0	0	0	0	0	0	0	0	0	0
phasiRNA1746	0	0	0	0	0	0	0	0	0	0	0	0	0	0	0	0	0	0
phasiRNA1747	0	0	0	0	0	1	0	0	0	0	0	0	0	0	0	0	0	0
phasiRNA1749	1	3	5	10	11	8	8	10	1	1	2	1	2	1	5	1	1	1
phasiRNA1750	1	0	2	6	6	1	4	3	0	0	0	0	0	1	0	2	0	0
phasiRNA1751	0	0	0	0	2	0	0	0	0	0	0	0	0	0	0	0	0	0
phasiRNA1752	0	0	0	0	0	0	0	0	0	0	0	0	0	0	0	0	0	0
phasiRNA1753	0	0	0	0	0	0	0	0	0	0	0	0	0	0	0	0	0	0
phasiRNA1754	0	0	0	0	0	0	0	0	0	0	0	0	0	0	0	0	0	0
phasiRNA1755	3	1	6	35	27	11	12	11	0	0	0	3	9	14	3	5	2	0
phasiRNA1756	103	94	247	403	426	203	218	105	22	121	43	135	74	117	44	31	5	15
phasiRNA1757	403	401	1465	2391	3324	1456	3059	1305	304	389	95	408	768	850	552	451	114	293
phasiRNA1758	6	7	7	35	40	15	23	7	0	1	2	9	8	7	8	2	1	1
phasiRNA1759	16	7	28	353	287	151	179	76	25	8	2	15	65	133	66	38	14	29
phasiRNA1760	30	29	71	187	159	84	152	46	12	17	1	23	47	26	28	17	5	18
phasiRNA1761	12	13	75	69	78	38	79	18	4	5	2	12	9	19	14	10	2	5
phasiRNA1762	25	20	116	128	182	63	104	25	3	21	9	23	32	36	8	7	0	8
phasiRNA1763	59	28	96	249	305	135	539	103	10	18	2	52	82	78	40	51	4	27
phasiRNA1764	274	197	841	1739	1427	738	2157	825	124	275	100	363	410	631	405	229	78	193
phasiRNA1765	76	132	356	297	541	238	436	198	27	89	16	54	103	91	45	47	4	34
phasiRNA1766	276	138	660	1648	1611	708	1845	600	92	153	36	319	342	402	404	230	34	159
phasiRNA1767	27	46	134	140	161	69	213	67	20	29	10	27	32	37	20	25	5	6
phasiRNA1770	6	7	24	113	103	44	23	7	0	3	5	10	27	39	21	7	2	5
phasiRNA1771	1	0	21	90	96	32	25	7	1	2	3	1	24	53	24	6	1	6
phasiRNA1772	3	4	2	10	29	2	7	0	2	1	0	1	9	16	3	1	0	0
phasiRNA1773	135	116	343	977	839	315	861	316	76	125	44	134	216	316	194	130	31	100
phasiRNA1774	0	1	1	1	4	0	0	0	0	0	0	0	1	1	0	1	0	0
phasiRNA1775	122	105	358	395	543	243	429	240	34	110	26	78	141	147	51	86	23	36
phasiRNA1776	0	0	0	0	0	0	0	0	0	0	0	0	0	0	0	0	0	0
phasiRNA1777	204	176	764	983	1002	446	1396	619	81	182	65	322	305	408	264	184	57	204
phasiRNA1778	0	0	6	13	12	4	8	2	0	0	2	3	2	7	0	0	0	0
phasiRNA1779	185	79	386	610	366	181	745	291	66	112	73	182	168	205	215	130	31	83
phasiRNA1780	1	2	19	17	23	8	16	5	0	2	1	4	5	5	6	3	0	2
phasiRNA1781	8	4	16	14	30	10	13	8	2	2	2	8	10	10	8	4	0	1
phasiRNA1782	0	0	3	5	4	1	1	0	0	0	0	0	1	0	1	0	0	0
phasiRNA1783	101	78	201	948	883	444	1243	612	122	40	11	76	258	444	331	131	38	155
phasiRNA1784	2	0	1	5	6	2	4	0	0	0	1	3	0	2	0	0	0	0
phasiRNA1785	58	41	129	229	239	105	239	76	30	19	14	57	55	54	39	45	11	27
phasiRNA1786	35	23	147	66	72	62	73	42	5	32	9	37	36	28	18	19	1	14
phasiRNA1787	4	6	7	224	157	96	80	33	4	2	1	1	58	121	52	19	3	8
phasiRNA1789	0	0	0	0	0	0	0	0	0	0	0	0	0	0	0	0	0	0
phasiRNA1790	1	0	0	1	0	0	1	0	0	0	0	0	1	0	0	0	0	0
phasiRNA1791	8	8	49	92	100	33	92	39	7	18	4	20	29	56	18	20	6	16
phasiRNA1792	16	20	27	57	56	22	85	37	5	14	3	6	7	6	10	10	1	7
phasiRNA1793	7	11	24	60	45	32	70	17	9	3	1	7	13	12	3	1	0	1
phasiRNA1794	3	6	18	17	36	9	35	7	2	0	0	2	5	3	6	4	1	2
phasiRNA1795	0	0	0	0	0	0	0	0	0	0	0	0	0	0	0	0	0	0
phasiRNA1796	0	0	0	13	14	1	1	0	0	0	0	0	0	4	1	0	0	0
phasiRNA1797	0	2	4	16	7	5	16	11	0	0	0	1	4	1	1	0	0	0
phasiRNA1798	3	2	4	13	12	3	5	2	0	3	0	1	2	12	3	1	1	1
phasiRNA1799	73	83	280	350	499	223	453	179	43	58	22	101	104	118	90	66	15	50
phasiRNA1800	20	4	31	31	69	28	49	26	6	7	0	3	27	22	14	11	4	7
phasiRNA1801	1	0	0	3	2	1	1	1	0	0	0	0	0	0	0	0	0	0
phasiRNA1807	0	0	0	0	0	0	0	0	0	0	0	0	0	0	0	0	0	0
phasiRNA1808	0	0	1	0	0	0	0	0	0	0	0	0	0	0	0	0	0	0
phasiRNA1809	0	0	1	2	7	0	1	2	0	0	0	0	0	1	0	1	0	1
phasiRNA1810	0	0	1	4	6	3	5	1	0	0	0	0	1	0	1	0	0	0
phasiRNA1813	1	1	0	7	4	6	5	2	0	0	2	2	1	1	1	3	0	2
phasiRNA1814	2	1	3	5	9	6	2	1	0	1	0	0	2	3	1	0	0	0
phasiRNA1815	1	0	1	0	5	2	4	2	0	0	0	0	0	0	0	0	0	0
phasiRNA1818	32	19	40	109	162	61	121	37	7	20	0	32	45	31	29	15	3	5
phasiRNA1819	2	2	16	18	22	7	9	3	0	1	0	2	4	2	1	2	0	0
phasiRNA1820	6	2	10	6	24	14	14	3	3	5	2	4	5	5	5	1	4	2
phasiRNA1821	1	2	4	6	16	14	6	4	0	2	1	1	0	0	0	0	1	1
phasiRNA1822	10	1	9	82	84	40	70	28	6	5	5	10	17	21	20	5	2	7
phasiRNA1823	3	2	11	15	47	13	28	8	1	2	0	1	9	5	5	1	1	4
phasiRNA1827	5	1	9	30	20	10	20	6	1	0	0	3	4	3	9	2	2	3
phasiRNA1828	0	0	0	0	3	0	1	0	0	0	0	0	0	3	0	0	0	0
phasiRNA1829	16	1	14	64	49	25	50	18	5	6	1	9	16	14	18	6	5	9
phasiRNA1830	1	0	4	14	19	11	5	3	0	1	0	0	2	2	1	1	0	0
phasiRNA1831	0	0	0	14	16	3	3	2	0	0	0	0	3	10	5	1	0	0
phasiRNA1832	0	0	0	0	3	0	0	0	0	0	0	0	0	0	0	0	0	0
phasiRNA1833	2	0	0	52	52	11	9	6	0	0	0	0	3	12	0	0	3	1
phasiRNA1834	354	315	868	1328	1268	580	1961	943	190	274	102	406	513	620	497	338	89	238
phasiRNA1835	0	0	0	0	1	0	0	0	0	0	0	0	0	0	0	0	0	0
phasiRNA1836	0	0	0	0	0	0	0	0	0	0	0	0	0	0	0	0	0	0
phasiRNA1837	0	0	0	0	0	0	0	0	0	0	0	0	0	0	0	0	0	0
phasiRNA1838	0	0	0	0	0	0	0	0	0	0	0	0	0	0	0	0	0	0
phasiRNA1839	5	5	2	24	26	14	37	1	0	2	0	1	1	4	1	0	0	0
phasiRNA1848	3	3	7	16	27	12	20	14	0	1	0	1	3	4	2	1	0	1
phasiRNA1849	1	0	6	10	9	1	6	1	0	0	0	1	2	1	0	1	0	0
phasiRNA1850	0	0	0	0	0	0	0	0	0	0	0	0	0	0	0	0	0	0
phasiRNA1851	1	0	0	3	7	5	7	1	0	0	0	1	1	0	0	0	0	0
phasiRNA1852	1	6	6	8	23	6	14	3	2	2	0	1	1	0	0	2	0	1
phasiRNA1853	0	0	1	4	0	1	2	0	0	0	0	0	0	0	0	0	1	0
phasiRNA1854	0	0	0	0	0	0	0	0	0	0	0	0	0	0	0	1	0	0
phasiRNA1855	1	0	0	0	1	0	0	0	0	0	0	0	0	0	0	0	0	1
phasiRNA1856	2	0	2	13	7	4	9	10	1	0	1	0	1	4	0	1	0	0
phasiRNA1866	0	0	0	0	0	0	0	0	0	0	0	0	0	0	0	0	0	0
phasiRNA1868	0	0	0	0	0	0	0	0	0	0	0	0	0	0	0	0	0	0
phasiRNA1869	0	0	0	0	0	0	0	0	0	0	0	0	0	0	0	0	0	0
phasiRNA1871	0	0	0	0	1	0	0	0	0	0	0	0	0	0	0	0	0	0
phasiRNA1872	0	0	1	0	2	0	0	0	0	0	0	0	0	0	0	0	0	0
phasiRNA1873	0	0	1	0	2	0	2	2	0	0	0	0	0	0	0	0	0	0
phasiRNA1874	0	7	19	4	17	7	14	7	1	1	3	5	3	7	2	3	0	2
phasiRNA1876	0	0	0	0	0	0	0	0	0	0	0	0	0	0	0	0	0	0
phasiRNA1877	1	0	0	0	0	1	0	0	0	0	0	0	0	0	0	0	0	0
phasiRNA1880	0	0	0	1	1	1	2	0	0	0	0	0	0	0	0	0	0	0
phasiRNA1888	0	0	1	1	2	0	0	0	0	0	0	0	0	0	0	0	0	0
phasiRNA1889	0	1	1	0	0	0	0	0	0	0	0	0	0	0	0	0	0	0
phasiRNA1892	0	0	0	0	2	1	1	0	0	0	0	0	0	0	0	0	0	0
phasiRNA1895	0	0	3	0	3	1	1	0	0	0	0	0	0	3	0	1	1	2
phasiRNA1897	0	0	0	0	1	1	1	0	0	0	0	1	0	0	0	0	0	0
phasiRNA1898	0	0	0	0	0	0	0	0	0	1	0	0	0	0	0	0	0	0
phasiRNA1899	0	0	0	0	0	0	0	0	0	0	0	0	0	0	0	0	0	0
phasiRNA1902	1	0	2	35	23	15	28	9	3	1	0	0	6	13	2	4	0	1
phasiRNA1903	4	3	7	50	60	29	69	26	5	6	0	4	14	24	24	9	0	9
phasiRNA1904	1	0	1	2	10	0	9	0	0	0	0	2	0	2	1	0	0	0
phasiRNA1905	0	3	3	0	3	2	2	1	0	0	0	0	0	0	0	0	0	0
phasiRNA1906	0	0	0	0	0	0	0	0	0	0	0	0	0	0	0	0	0	0
phasiRNA1907	5	3	6	18	24	7	17	2	1	0	3	0	7	7	3	3	0	0
phasiRNA1908	0	1	0	1	3	2	0	1	1	0	0	0	3	4	3	0	0	0
phasiRNA1909	3	1	1	4	9	1	15	5	1	0	0	1	0	0	0	0	0	0
phasiRNA1910	0	0	0	2	3	0	2	2	0	0	0	0	0	2	0	0	0	0
phasiRNA1911	0	0	1	0	1	0	0	0	0	0	0	0	0	0	0	0	0	0
phasiRNA1912	0	0	0	0	0	0	2	0	0	0	0	0	0	0	0	0	0	0
phasiRNA1915	0	0	0	0	0	0	0	0	0	0	0	0	0	0	0	0	0	0
phasiRNA1916	0	0	0	0	0	0	0	0	0	0	0	0	0	0	0	0	0	0
phasiRNA1917	0	0	0	0	0	0	1	0	0	0	0	0	0	0	0	0	0	0
phasiRNA1918	0	0	0	0	1	0	0	1	0	0	0	0	0	0	0	0	0	0
phasiRNA1919	0	0	1	0	0	0	0	0	0	0	0	0	0	0	0	0	0	0
phasiRNA1920	0	0	0	0	1	1	0	0	0	0	0	0	0	0	0	0	0	0
phasiRNA1921	0	0	2	5	1	2	2	0	0	0	0	2	1	0	0	0	0	0
phasiRNA1922	0	0	3	0	0	0	0	4	0	0	0	1	1	1	0	0	0	0
phasiRNA1925	0	0	0	0	0	0	0	0	0	0	0	0	0	0	0	0	0	0
phasiRNA1926	0	0	2	1	2	2	1	0	1	0	1	0	0	0	0	1	0	0
phasiRNA1927	6	1	13	13	5	5	7	4	1	2	1	0	3	4	3	4	0	2
phasiRNA1928	2	2	7	44	54	21	18	5	1	1	2	1	10	16	9	1	0	1
phasiRNA1929	0	0	1	9	10	3	4	2	0	0	0	0	1	5	1	0	0	1
phasiRNA1930	0	0	0	0	0	0	0	0	0	0	0	0	0	0	0	0	0	0
phasiRNA1931	0	0	1	1	4	0	2	0	0	0	0	0	0	0	0	0	0	0
phasiRNA1933	0	0	0	4	1	0	0	0	0	0	0	0	0	0	0	0	0	0
phasiRNA1934	1	0	0	3	0	1	4	2	0	0	0	0	0	0	1	0	0	0
phasiRNA1938	0	0	0	0	2	0	0	1	0	0	0	0	0	0	0	0	0	0
phasiRNA1942	2	1	0	3	2	2	5	2	2	2	1	0	1	0	0	0	0	0
phasiRNA1943	3	1	4	2	5	3	3	2	1	0	0	0	1	0	0	0	0	0
phasiRNA1944	4	1	6	7	5	2	2	0	0	2	0	0	0	1	3	2	0	0
phasiRNA1945	0	0	0	0	0	0	0	0	0	0	0	0	0	0	0	0	0	0
phasiRNA1950	0	0	1	0	0	0	2	1	0	0	0	0	0	0	0	0	0	0
phasiRNA1951	0	0	0	0	0	0	0	0	0	0	0	0	0	0	0	0	0	0
phasiRNA1952	4	4	18	53	51	9	31	7	0	2	3	9	8	8	2	2	0	0
phasiRNA1953	0	0	0	2	2	1	0	1	2	0	0	0	0	0	0	1	0	0
phasiRNA1954	0	0	0	2	3	0	0	1	0	0	0	0	1	3	1	0	0	0
phasiRNA1955	1	0	2	0	1	0	0	0	0	0	0	1	0	0	0	0	0	0
phasiRNA1956	1	1	3	5	5	1	8	2	0	1	0	0	0	0	1	0	0	1
phasiRNA1957	0	0	0	0	1	0	0	6	0	0	0	0	0	0	0	1	0	0
phasiRNA1958	0	0	0	0	0	0	0	0	0	0	0	0	0	0	0	0	0	0
phasiRNA1959	0	0	0	0	0	0	0	0	0	0	0	0	0	0	0	0	0	0
phasiRNA196	0	0	2	0	3	0	0	0	0	0	0	0	0	0	0	0	0	0
phasiRNA1960	0	0	0	0	0	0	0	0	0	0	0	0	0	0	0	0	0	0
phasiRNA1962	0	0	0	1	2	0	0	0	0	0	0	0	3	0	0	0	0	0
phasiRNA1967	4	2	9	6	11	4	5	1	0	2	0	0	4	1	1	1	0	2
phasiRNA1969	2	0	5	21	5	8	12	3	0	0	1	0	1	4	3	2	0	0
phasiRNA1971	0	0	0	0	1	0	3	0	0	0	0	0	0	0	0	0	0	0
phasiRNA1972	0	0	0	0	0	1	0	0	0	0	0	0	0	1	0	0	0	0
phasiRNA1973	0	0	0	0	0	0	0	0	0	1	0	0	0	0	0	0	0	0
phasiRNA1974	0	0	0	0	0	0	0	0	0	0	0	0	0	0	0	0	0	0
phasiRNA1975	0	0	0	0	0	0	2	0	0	1	0	0	0	0	0	0	0	0
phasiRNA1976	9	16	27	112	117	50	141	45	6	13	3	21	33	27	28	14	3	13
phasiRNA1977	16	19	42	106	144	46	107	49	9	16	6	21	42	40	27	20	5	6
phasiRNA1978	1	2	12	21	17	6	16	3	0	1	0	6	2	2	0	0	0	0
phasiRNA1979	3	0	1	18	17	6	18	3	0	0	1	0	5	7	4	3	0	0
phasiRNA1980	81	57	146	356	399	179	521	133	34	46	14	95	105	127	88	57	13	47
phasiRNA1981	483	592	794	2915	1610	1141	2184	2026	948	371	361	445	715	808	963	690	456	648
phasiRNA1982	4	1	6	24	33	12	18	4	0	1	0	3	13	14	10	5	0	3
phasiRNA1983	0	0	0	10	11	2	3	0	0	0	0	0	2	3	1	0	0	1
phasiRNA1984	26	3	53	79	71	32	37	17	2	20	5	15	15	20	18	8	4	4
phasiRNA1985	1	2	9	13	29	16	9	3	0	0	0	1	7	7	1	0	0	0
phasiRNA1986	0	0	0	0	0	0	0	0	0	0	0	0	1	0	0	0	0	0
phasiRNA1987	0	0	0	0	0	0	0	0	0	0	0	0	0	0	0	0	0	0
phasiRNA1988	16	13	30	73	70	28	49	20	8	10	3	8	27	18	13	13	6	3
phasiRNA1989	9	2	33	34	40	12	32	5	8	9	0	3	7	10	16	5	2	5
phasiRNA199	0	0	4	0	2	1	0	0	0	0	0	1	4	0	1	1	0	0
phasiRNA1990	0	1	1	2	0	0	0	0	0	0	0	0	0	0	0	0	0	0
phasiRNA1992	2	2	7	3	18	5	5	7	4	2	0	1	3	3	2	4	0	2
phasiRNA1993	0	0	5	23	7	3	12	3	0	2	1	4	3	2	0	0	1	1
phasiRNA1994	7	10	34	51	70	15	72	27	4	9	5	17	12	19	20	13	2	8
phasiRNA1995	13	13	32	71	62	41	128	40	6	8	3	19	16	19	21	15	4	10
phasiRNA1996	6	5	1	71	39	21	41	25	2	0	0	0	11	11	8	4	1	6
phasiRNA1997	0	0	0	0	0	0	3	0	0	0	0	0	0	0	1	1	0	0
phasiRNA1998	1	0	0	3	5	9	8	1	0	0	0	0	2	0	0	1	0	0
phasiRNA1999	0	0	0	2	0	0	0	0	0	0	0	0	0	0	0	0	0	0
phasiRNA2001	1	0	0	0	1	0	0	0	0	0	0	0	0	2	0	0	0	0
phasiRNA2002	0	0	0	0	1	0	0	0	0	0	0	0	0	0	0	0	0	0
phasiRNA2003	0	1	0	1	2	0	0	0	0	0	0	1	0	0	0	0	0	0
phasiRNA2004	0	0	0	0	0	0	0	0	0	0	0	0	0	0	0	0	0	0
phasiRNA2006	0	0	0	0	0	0	0	0	0	0	0	0	0	0	0	0	0	0
phasiRNA2008	1	0	0	3	4	2	4	1	0	0	0	0	0	0	0	1	0	1
phasiRNA2009	0	0	0	2	2	1	0	0	0	0	0	0	0	0	0	0	0	1
phasiRNA2010	0	2	2	1	4	2	2	1	0	0	0	0	0	1	0	1	0	0
phasiRNA2015	0	0	0	0	0	0	0	0	0	0	0	0	0	0	0	0	0	0
phasiRNA2018	0	0	3	0	2	1	2	1	0	2	0	0	2	1	0	1	0	0
phasiRNA2019	0	0	0	0	0	0	0	0	0	0	0	0	0	0	0	0	0	0
phasiRNA2020	2	1	2	12	14	5	0	1	0	1	0	0	6	8	2	0	1	0
phasiRNA2021	24	13	68	72	74	47	54	34	15	22	5	27	21	37	10	13	6	12
phasiRNA2023	0	0	0	0	0	0	1	0	0	0	0	0	0	1	0	0	0	0
phasiRNA2024	0	0	0	0	0	0	0	0	0	0	0	0	0	0	0	0	0	0
phasiRNA2025	0	0	0	0	0	0	0	0	0	0	0	0	0	1	0	0	0	0
phasiRNA2026	0	0	2	5	10	2	4	3	0	0	0	1	0	0	0	0	0	0
phasiRNA2027	0	0	0	2	0	0	0	0	0	0	0	0	0	0	0	0	0	0
phasiRNA2029	1	1	2	9	8	2	3	1	0	0	0	1	0	3	0	0	0	0
phasiRNA2030	0	0	2	0	1	0	2	0	0	0	0	0	0	0	0	0	0	0
phasiRNA2031	0	0	0	0	0	0	0	0	0	0	0	0	0	0	0	0	0	0
phasiRNA2032	0	0	2	0	4	1	14	1	1	0	0	0	0	1	1	1	0	3
phasiRNA2033	0	0	0	0	0	0	1	0	0	0	0	1	0	0	0	0	0	0
phasiRNA2043	0	0	0	0	0	0	1	0	0	0	0	0	0	0	0	0	0	0
phasiRNA2045	10	3	37	42	49	27	45	13	2	6	4	6	12	19	2	3	1	1
phasiRNA2046	6	5	42	57	70	31	48	36	3	3	7	3	21	29	15	9	6	3
phasiRNA2047	0	0	0	0	0	0	0	0	0	0	0	0	0	0	0	0	0	0
phasiRNA2048	0	0	0	1	0	0	1	0	0	0	0	0	1	0	0	0	0	0
phasiRNA2049	0	0	0	0	3	0	0	0	0	0	0	0	0	0	0	0	0	0
phasiRNA2050	0	0	0	0	1	0	0	0	0	0	0	0	0	0	0	0	0	0
phasiRNA2051	0	0	0	0	0	2	0	0	0	0	0	0	0	0	0	0	0	0
phasiRNA2052	0	0	0	0	0	0	0	0	0	0	0	0	0	0	0	0	0	0
phasiRNA2053	2	0	0	4	8	1	0	4	0	0	0	0	4	0	0	0	0	0
phasiRNA2070	0	0	0	0	0	0	0	0	0	0	0	0	0	0	0	0	0	0
phasiRNA2071	0	0	0	1	1	0	0	0	1	0	0	0	0	2	1	0	0	0
phasiRNA2077	0	0	0	0	0	0	0	0	0	0	0	0	0	0	0	0	0	0
phasiRNA2079	0	0	0	0	1	0	0	0	0	0	0	0	0	0	0	0	0	0
phasiRNA2080	14	37	100	70	100	51	161	60	23	18	11	26	25	19	32	21	2	9
phasiRNA2081	0	0	4	2	0	0	11	1	0	0	0	0	0	1	0	0	0	0
phasiRNA2082	0	0	0	0	0	0	0	0	0	0	0	0	0	0	0	0	0	0
phasiRNA2083	0	1	3	1	2	0	3	1	0	0	0	0	1	0	1	0	0	0
phasiRNA2084	1	0	0	0	0	0	1	2	0	0	0	0	0	1	0	0	0	0
phasiRNA2085	0	0	2	0	4	0	1	0	0	0	0	0	1	0	0	0	0	0
phasiRNA2086	0	0	0	0	0	0	0	0	0	0	0	0	0	0	0	0	0	0
phasiRNA2089	0	0	0	1	1	0	0	0	0	0	0	0	0	0	0	2	0	0
phasiRNA2090	3	3	10	15	14	9	22	14	3	6	3	1	4	3	7	0	3	1
phasiRNA2091	0	0	0	1	0	0	1	0	0	0	1	0	1	0	1	0	0	0
phasiRNA2094	2	1	9	52	28	10	14	8	1	2	1	8	3	7	6	5	2	4
phasiRNA2095	0	0	0	0	0	0	0	0	0	0	0	0	0	0	0	0	0	0
phasiRNA2096	1	0	0	9	3	2	5	0	0	0	0	0	0	1	0	0	0	1
phasiRNA2097	3	0	4	3	5	2	7	4	1	2	0	4	2	2	1	1	0	2
phasiRNA2098	0	0	0	0	0	0	0	0	0	0	0	0	0	0	0	0	0	0
phasiRNA2101	0	0	1	2	3	0	0	0	0	0	0	0	0	0	0	0	0	0
phasiRNA2103	0	0	0	11	19	5	11	1	1	1	0	2	0	4	1	2	0	2
phasiRNA2112	0	0	0	0	0	0	0	0	0	0	0	0	0	0	0	0	0	0
phasiRNA2113	0	0	0	1	0	0	0	0	0	0	0	0	0	0	0	0	0	0
phasiRNA2115	2	0	1	0	0	1	0	0	0	0	0	0	0	2	1	0	0	0
phasiRNA2116	0	0	0	0	0	0	0	0	0	0	0	0	0	0	0	0	0	0
phasiRNA2129	0	0	0	0	0	0	0	0	0	0	0	0	0	0	0	0	0	0
phasiRNA2130	0	0	0	0	0	0	0	0	0	0	0	0	0	0	0	0	0	0
phasiRNA2131	0	0	0	1	0	2	5	0	0	0	0	0	0	3	0	0	0	0
phasiRNA2132	0	0	0	0	0	1	3	0	0	0	0	0	0	0	0	0	0	0
phasiRNA2133	0	0	0	3	3	0	1	0	0	0	1	0	0	0	0	0	0	0
phasiRNA2134	0	0	0	0	1	0	1	0	0	0	0	0	0	0	0	0	0	0
phasiRNA2135	0	0	0	0	0	0	0	0	0	0	0	0	0	0	0	0	0	0
phasiRNA2136	4	3	25	5	14	9	6	3	0	0	0	6	4	2	1	1	0	1
phasiRNA2141	0	0	0	0	0	0	0	0	0	0	0	0	0	0	0	0	0	0
phasiRNA2142	0	0	0	2	2	1	0	0	0	0	0	0	0	0	0	0	0	0
phasiRNA2145	0	0	0	0	0	0	0	0	0	0	0	0	0	0	0	0	0	0
phasiRNA2150	0	0	0	0	0	0	0	0	0	0	0	0	0	0	0	0	0	0
phasiRNA2151	0	0	2	4	2	0	2	0	1	1	0	0	0	0	0	0	0	0
phasiRNA2152	0	0	0	0	0	0	0	0	0	0	0	0	0	0	0	0	0	0
phasiRNA2153	0	0	0	0	0	0	0	0	0	0	0	0	0	0	0	0	0	0
phasiRNA2154	0	0	0	0	2	0	0	0	0	0	0	0	0	0	0	0	0	0
phasiRNA2155	0	0	0	2	1	1	0	0	0	0	0	0	0	0	0	0	0	0
phasiRNA2157	0	0	0	0	0	0	0	0	0	0	0	0	0	0	0	0	0	0
phasiRNA2158	0	0	0	1	0	0	0	0	0	0	0	0	0	0	0	0	0	0
phasiRNA2159	0	0	1	0	1	0	0	0	0	0	0	0	0	0	0	0	0	0
phasiRNA2160	0	0	0	1	2	0	0	0	0	0	0	0	1	0	0	0	0	0
phasiRNA2161	1	1	3	2	6	1	6	1	1	2	0	2	2	2	0	0	0	0
phasiRNA2162	0	0	0	2	2	1	0	1	0	0	0	0	0	0	0	0	0	0
phasiRNA2163	1	0	0	4	3	5	0	1	0	0	0	0	0	4	1	0	1	0
phasiRNA2164	0	0	0	0	0	0	0	0	0	0	0	0	0	0	0	0	0	0
phasiRNA2165	0	0	0	0	6	0	4	0	0	0	0	0	0	1	0	0	0	0
phasiRNA2166	0	0	0	4	1	0	0	0	0	0	0	0	0	0	0	0	0	0
phasiRNA2171	0	0	0	0	0	0	0	0	0	0	0	0	0	0	0	0	0	0
phasiRNA2172	0	0	1	0	0	1	0	0	0	0	0	0	0	0	0	0	0	0
phasiRNA2175	1	1	12	3	14	7	18	1	0	1	0	4	1	3	2	3	0	2
phasiRNA2176	0	0	0	0	0	0	0	0	0	0	0	0	0	0	0	0	0	0
phasiRNA2177	19	12	22	17	20	14	58	12	4	21	3	7	3	5	7	2	4	0
phasiRNA2178	17	11	54	157	147	76	217	58	14	14	4	28	30	43	33	21	2	12
phasiRNA2179	0	0	0	0	0	0	0	0	0	0	0	0	0	0	0	0	0	0
phasiRNA2180	0	0	0	1	0	0	0	1	0	0	0	0	0	0	0	0	0	0
phasiRNA2181	19	8	78	218	231	105	146	35	4	19	3	43	43	51	45	16	4	11
phasiRNA2182	0	0	0	0	0	0	0	0	0	0	0	0	0	1	0	0	0	0
phasiRNA2183	0	0	0	0	0	0	0	0	0	0	0	0	0	0	0	0	0	0
phasiRNA2186	0	0	0	1	1	1	1	0	0	0	0	0	0	0	0	0	0	0
phasiRNA2188	11	5	14	58	61	23	74	32	6	0	1	2	16	12	4	16	1	7
phasiRNA2189	0	0	0	1	0	0	0	0	0	0	0	0	0	0	2	0	0	0
phasiRNA2190	0	0	0	1	1	1	3	0	0	0	0	0	0	0	0	0	0	0
phasiRNA2191	1	0	1	6	2	0	3	0	0	0	0	0	0	0	0	0	0	0
phasiRNA2192	0	0	1	1	5	0	1	0	0	0	0	0	1	1	0	0	0	0
phasiRNA2194	0	0	0	0	0	0	1	0	0	0	0	0	0	0	0	0	0	0
phasiRNA2199	22	14	56	29	47	17	39	15	3	7	3	18	6	9	4	10	4	2
phasiRNA22	0	0	0	0	0	0	0	0	0	0	0	0	0	0	0	0	0	0
phasiRNA2201	0	0	0	0	0	0	0	0	0	0	0	0	0	0	0	0	0	0
phasiRNA2202	0	0	0	0	0	0	0	0	0	0	0	0	0	0	0	0	0	0
phasiRNA2203	0	0	0	0	0	0	0	0	0	0	0	0	0	0	0	0	0	0
phasiRNA2204	0	0	0	0	0	0	0	0	0	0	0	0	0	0	0	0	0	0
phasiRNA2205	0	0	0	0	0	0	0	0	0	0	0	0	0	0	0	0	0	0
phasiRNA2214	0	0	0	2	0	0	1	0	0	0	0	0	0	0	0	0	0	0
phasiRNA2215	0	0	0	0	0	0	0	0	0	0	0	0	0	0	0	0	0	0
phasiRNA2216	0	0	0	0	0	0	0	0	0	0	0	0	0	0	0	0	0	0
phasiRNA2217	0	0	0	0	0	0	0	0	0	0	0	0	0	0	0	0	0	0
phasiRNA2218	0	0	0	1	0	0	0	0	0	0	0	0	0	0	0	0	0	0
phasiRNA2219	0	0	0	0	0	0	0	0	0	0	0	0	0	0	0	0	0	0
phasiRNA2220	0	0	0	0	2	0	0	0	0	0	0	0	0	0	0	0	0	0
phasiRNA2221	1	1	3	3	18	6	9	2	2	0	1	0	1	5	1	5	0	3
phasiRNA2222	0	0	0	0	1	1	0	0	0	0	1	0	0	0	0	0	0	0
phasiRNA2223	0	0	1	9	6	6	3	0	0	0	0	2	3	7	5	0	0	0
phasiRNA2228	0	0	0	0	0	0	1	0	0	0	0	0	0	0	0	0	0	0
phasiRNA2229	0	0	0	0	0	0	0	0	0	0	0	0	0	0	0	0	0	0
phasiRNA2230	0	0	0	0	0	0	0	0	0	0	0	0	0	0	0	0	0	0
phasiRNA2231	0	0	0	0	0	0	0	0	0	0	0	0	0	0	0	0	0	0
phasiRNA2232	0	0	0	0	1	0	1	0	0	0	0	0	0	0	0	0	0	0
phasiRNA2238	1	0	2	0	0	0	0	0	0	0	0	0	0	0	0	0	0	0
phasiRNA2239	0	0	0	0	0	0	0	0	0	0	0	0	0	0	0	0	0	0
phasiRNA2241	0	0	0	0	0	0	0	0	0	0	0	0	0	0	0	0	0	0
phasiRNA2242	0	2	0	10	6	3	18	2	0	0	0	0	2	4	1	4	0	0
phasiRNA2243	0	0	0	0	0	0	0	0	0	0	0	0	0	0	0	0	0	0
phasiRNA2244	0	0	0	0	2	0	0	0	0	0	0	0	0	0	0	0	0	0
phasiRNA2245	0	0	0	0	1	1	0	0	0	0	0	0	0	0	1	0	0	0
phasiRNA2246	0	0	0	0	0	1	0	0	0	0	0	0	0	1	0	0	0	0
phasiRNA2253	0	0	0	0	0	0	0	0	0	0	0	0	0	0	0	0	0	0
phasiRNA2254	0	0	0	0	0	0	0	0	0	0	0	0	0	0	0	0	0	0
phasiRNA2255	0	0	0	0	1	0	0	0	0	0	0	0	0	0	0	0	0	0
phasiRNA2256	1	0	0	0	0	0	0	0	0	0	0	0	0	0	1	0	0	0
phasiRNA2257	0	0	0	0	0	0	0	0	0	0	0	0	0	0	0	0	0	0
phasiRNA2258	0	0	0	0	0	0	1	0	0	0	0	0	0	0	0	0	0	0
phasiRNA2259	0	0	0	0	0	1	0	0	0	0	0	0	0	0	0	0	0	0
phasiRNA226	0	0	0	1	1	1	0	0	0	0	0	0	0	1	0	0	0	0
phasiRNA2260	11	13	29	63	114	52	64	21	3	9	3	20	13	24	11	10	2	7
phasiRNA2262	0	0	0	0	1	0	3	0	0	0	0	0	0	1	1	0	0	0
phasiRNA2267	0	0	0	0	0	0	0	0	0	0	0	0	0	0	0	0	0	0
phasiRNA2268	0	0	0	0	2	0	3	1	0	0	0	0	1	0	0	0	0	0
phasiRNA2269	0	0	0	0	0	0	0	0	0	0	0	0	0	0	0	0	0	0
phasiRNA2270	0	0	0	0	0	0	0	0	0	0	0	0	0	0	0	0	0	0
phasiRNA2271	36	22	101	143	169	85	186	121	18	29	11	20	33	32	31	32	6	18
phasiRNA2272	11	9	13	9	15	7	14	3	3	6	2	4	1	7	1	1	1	0
phasiRNA2274	0	0	1	3	1	1	4	4	0	0	0	1	1	1	0	0	0	1
phasiRNA2275	0	0	2	3	8	3	1	4	0	1	0	0	1	0	0	0	0	0
phasiRNA2276	0	0	0	0	0	0	0	0	0	0	0	0	0	0	0	0	0	0
phasiRNA2279	0	0	0	0	0	0	0	0	0	0	0	0	0	0	0	0	0	0
phasiRNA2280	0	0	0	0	0	0	0	0	0	0	0	0	0	0	0	0	0	0
phasiRNA2283	0	0	0	0	0	0	0	0	0	0	0	0	0	0	0	0	0	0
phasiRNA2284	0	0	0	0	1	0	0	0	0	0	0	0	0	0	0	0	0	0
phasiRNA2286	0	0	0	0	0	0	0	0	0	0	0	0	0	0	0	0	0	0
phasiRNA2287	0	1	0	0	0	1	0	1	0	0	0	0	0	0	0	0	0	0
phasiRNA2288	0	0	0	0	0	0	0	0	0	0	0	0	0	0	0	0	0	0
phasiRNA2289	0	0	0	0	0	0	1	0	0	0	0	0	0	0	0	0	0	0
phasiRNA2290	0	0	0	1	0	0	1	1	0	0	0	0	2	2	0	0	0	0
phasiRNA2291	0	0	0	0	1	0	0	0	0	0	0	0	0	0	0	0	0	0
phasiRNA2292	0	0	5	2	7	2	8	1	0	0	0	1	2	0	0	0	0	0
phasiRNA2293	0	0	0	2	4	1	0	0	0	0	0	0	0	0	0	0	0	0
phasiRNA2294	0	2	0	0	0	0	1	0	0	0	0	0	0	0	0	0	0	0
phasiRNA2295	0	0	0	0	0	0	0	0	0	0	0	0	0	0	0	0	0	0
phasiRNA2298	8	7	27	81	45	18	87	35	5	3	0	14	17	11	15	8	1	2
phasiRNA2299	0	0	0	3	2	0	0	1	0	0	0	0	0	0	0	1	0	0
phasiRNA2300	0	0	0	4	1	0	2	0	0	0	0	0	0	1	0	0	0	0
phasiRNA2301	0	0	0	0	3	0	0	0	0	1	0	0	0	1	0	0	0	0
phasiRNA2303	0	0	0	0	0	0	3	0	0	0	0	0	0	0	0	0	0	0
phasiRNA2304	0	0	0	0	0	0	0	0	0	0	0	0	1	0	0	0	0	0
phasiRNA2306	0	0	0	1	0	0	0	0	0	0	0	0	0	0	0	0	0	0
phasiRNA2307	0	0	0	0	0	2	0	0	0	0	0	0	0	0	0	0	0	0
phasiRNA2313	0	0	0	0	0	0	0	1	0	0	0	0	0	0	0	0	0	0
phasiRNA2320	0	0	0	1	0	0	0	0	0	0	0	0	0	0	0	0	0	0
phasiRNA2321	0	0	0	0	0	0	0	0	0	0	0	0	0	0	0	0	0	0
phasiRNA2322	0	0	0	0	0	1	0	0	0	0	0	0	0	0	0	0	0	0
phasiRNA2323	1	0	0	8	6	7	7	3	0	0	0	0	1	1	0	2	0	0
phasiRNA2324	0	0	0	2	1	3	1	1	0	0	0	0	1	0	3	0	0	0
phasiRNA2325	0	0	0	0	2	2	0	0	0	0	0	0	1	0	0	0	0	0
phasiRNA2326	0	0	0	0	0	0	0	0	0	0	0	0	0	0	0	0	0	0
phasiRNA2327	0	0	1	0	3	1	0	0	0	0	0	0	0	0	0	0	0	0
phasiRNA2328	7	0	0	1	6	2	10	3	0	0	0	0	1	0	2	0	0	0
phasiRNA2329	1	2	7	4	10	4	4	2	0	1	0	1	2	1	0	2	0	1
phasiRNA2330	0	0	0	4	5	0	0	0	0	0	0	0	0	0	1	0	0	0
phasiRNA2331	2	0	0	8	8	5	1	1	0	0	0	0	1	0	1	1	0	0
phasiRNA2335	0	0	0	0	0	0	0	0	0	0	0	0	0	0	0	0	0	0
phasiRNA2336	0	0	0	0	0	0	0	1	0	0	0	0	0	0	0	0	0	0
phasiRNA2337	0	0	0	1	2	1	0	0	0	0	0	0	0	1	0	0	0	0
phasiRNA2338	1	2	1	1	7	0	1	0	0	0	0	0	0	1	0	1	0	0
phasiRNA2339	0	0	0	0	0	0	1	1	0	0	0	0	0	0	0	0	0	0
phasiRNA2340	0	1	0	3	0	0	0	0	0	0	0	0	0	0	0	0	0	0
phasiRNA2342	0	0	0	0	0	0	0	0	0	0	0	1	0	0	0	0	0	0
phasiRNA2349	0	0	0	0	0	0	0	0	0	0	0	0	0	0	0	0	0	0
phasiRNA2350	0	0	0	0	1	0	0	0	0	1	0	0	0	0	0	0	0	0
phasiRNA2351	0	0	0	0	0	0	0	0	0	0	0	0	0	0	0	0	0	0
phasiRNA2352	0	0	0	0	0	0	0	0	0	0	0	0	0	0	0	0	0	0
phasiRNA2354	0	0	0	0	0	0	0	0	0	0	0	0	0	0	0	0	0	0
phasiRNA2355	0	0	0	0	0	0	0	0	0	0	0	0	0	0	0	0	0	0
phasiRNA2356	0	0	0	0	0	0	0	0	0	0	0	0	0	0	0	0	0	0
phasiRNA2358	0	1	0	4	3	0	0	0	0	1	0	0	0	0	0	0	0	0
phasiRNA2359	0	0	0	0	0	0	0	0	0	0	0	0	0	0	0	0	0	0
phasiRNA2361	0	0	0	0	0	0	0	0	0	0	0	0	0	0	0	0	0	0
phasiRNA2366	0	0	0	0	1	0	0	0	0	0	0	0	0	0	0	0	0	0
phasiRNA2367	0	0	0	0	0	2	0	0	0	0	0	0	0	1	0	0	0	0
phasiRNA2370	0	0	0	0	0	0	0	0	0	0	0	0	0	0	0	0	0	0
phasiRNA2375	0	0	0	0	1	0	0	0	0	0	0	0	0	0	0	0	0	0
phasiRNA2378	1	0	0	0	0	0	2	0	0	0	0	0	0	0	0	0	0	0
phasiRNA2379	0	0	4	35	25	15	12	9	2	0	0	1	9	10	7	3	0	3
phasiRNA2380	0	0	0	0	2	1	8	4	1	0	0	0	1	2	0	2	0	2
phasiRNA2381	0	0	0	0	0	0	0	0	0	0	0	0	0	0	0	0	0	0
phasiRNA2382	0	0	0	0	0	0	0	0	0	0	0	0	0	0	0	0	0	0
phasiRNA2383	0	0	0	1	0	0	0	0	0	0	0	0	0	0	0	0	0	0
phasiRNA2384	0	0	0	0	0	0	0	0	0	0	0	0	0	0	0	0	0	0
phasiRNA2385	0	0	0	0	0	0	0	0	0	0	0	0	0	0	0	0	0	0
phasiRNA2386	0	0	0	0	2	0	0	0	0	0	0	0	0	0	0	0	0	0
phasiRNA2387	0	0	0	0	0	0	0	0	0	0	0	0	0	0	0	0	0	0
phasiRNA2388	0	0	0	0	0	1	0	0	0	0	0	0	0	0	0	0	0	0
phasiRNA2389	0	0	0	0	0	0	0	0	0	0	0	0	0	1	0	0	0	0
phasiRNA2390	0	0	0	3	4	3	0	0	0	0	0	0	1	2	3	2	0	0
phasiRNA2391	0	0	0	2	0	0	0	0	0	0	0	0	1	1	1	0	0	0
phasiRNA2392	0	0	0	0	0	0	0	0	0	0	0	0	0	0	0	0	0	0
phasiRNA2393	0	0	0	8	8	3	2	0	0	0	0	1	0	2	0	0	0	0
phasiRNA2394	2	0	2	0	0	1	0	0	0	0	1	0	0	0	0	0	0	0
phasiRNA2395	10	13	35	107	134	49	80	17	2	7	4	18	26	31	10	8	0	3
phasiRNA2396	0	0	0	0	1	0	0	0	0	0	0	0	0	0	0	0	0	0
phasiRNA2401	0	0	0	0	0	0	0	0	0	0	0	0	0	0	0	0	0	0
phasiRNA2402	0	0	1	0	1	0	0	0	0	0	0	0	0	0	0	0	0	0
phasiRNA2403	0	0	0	0	0	0	0	0	0	0	0	0	0	0	0	0	0	0
phasiRNA2404	0	0	0	1	0	0	0	0	0	0	0	0	0	0	0	0	0	0
phasiRNA2406	1	0	0	2	2	1	1	0	0	0	0	0	1	1	0	0	0	0
phasiRNA2407	1	1	6	1	2	0	3	0	1	0	0	1	0	1	0	0	0	2
phasiRNA2408	0	0	0	0	3	0	1	0	0	0	0	0	1	0	0	0	0	0
phasiRNA2409	0	0	0	0	1	0	0	0	0	0	0	0	0	0	0	0	0	0
phasiRNA2410	0	0	0	0	0	0	0	0	0	0	0	0	0	0	0	0	0	0
phasiRNA2411	1	1	1	0	1	2	0	0	0	0	0	4	2	0	0	0	0	0
phasiRNA2412	0	0	1	0	0	0	0	0	0	0	0	0	0	0	0	0	0	0
phasiRNA2413	0	0	1	1	1	0	0	0	0	0	0	0	0	0	0	0	0	0
phasiRNA2414	0	0	0	1	0	3	0	0	0	0	0	0	0	0	0	0	0	0
phasiRNA2415	0	0	0	1	0	0	1	0	0	0	0	0	0	0	0	0	0	0
phasiRNA2416	0	1	0	0	1	0	1	0	0	0	0	0	0	0	0	1	0	0
phasiRNA2417	0	0	0	0	1	0	3	0	0	0	0	0	0	0	0	0	0	0
phasiRNA2419	0	0	0	0	0	0	0	0	0	0	0	0	0	0	0	0	0	0
phasiRNA2420	0	0	0	0	1	0	2	0	0	0	0	1	0	0	1	0	0	0
phasiRNA2421	0	0	0	2	3	2	2	0	0	0	0	0	0	5	2	0	0	0
phasiRNA2422	5	6	14	13	14	8	16	7	2	3	0	8	5	7	1	1	0	5
phasiRNA2423	0	0	0	4	3	1	0	0	1	0	0	0	3	0	0	0	0	0
phasiRNA2424	0	0	0	0	0	0	0	0	0	0	0	0	0	0	0	0	0	0
phasiRNA2425	0	0	0	0	3	1	1	0	0	0	0	0	2	1	1	0	0	0
phasiRNA2426	2	1	5	5	10	4	8	5	1	4	0	0	0	1	1	0	0	2
phasiRNA2427	0	0	0	1	0	1	1	0	0	0	0	0	0	0	0	0	0	0
phasiRNA2428	0	1	2	14	9	4	8	0	3	0	0	0	3	3	0	0	0	0
phasiRNA2429	0	1	0	2	1	0	1	0	0	0	0	3	0	0	0	0	0	0
phasiRNA2430	0	0	0	0	0	0	0	0	0	2	0	0	1	0	1	0	0	0
phasiRNA2431	3	2	2	2	2	0	2	0	0	1	0	1	2	0	0	2	0	0
phasiRNA2432	0	0	1	1	3	0	2	0	0	0	0	0	0	0	1	0	0	0
phasiRNA2433	4	1	10	1	4	1	2	1	0	4	0	0	1	1	2	2	1	0
phasiRNA2434	1	1	0	1	2	1	0	0	0	0	0	0	1	0	0	1	0	0
phasiRNA2435	0	0	1	2	0	0	4	1	0	0	0	0	0	0	0	0	1	1
phasiRNA2436	0	0	0	0	2	0	0	1	0	0	0	0	0	0	0	1	0	1
phasiRNA2437	0	0	0	0	0	0	0	0	0	0	0	0	0	0	0	0	0	0
phasiRNA2438	0	0	2	2	1	0	2	1	0	0	0	0	0	0	0	0	0	0
phasiRNA2439	0	0	0	0	0	0	0	0	0	0	0	0	0	0	0	0	0	0
phasiRNA2441	0	0	0	0	0	0	0	0	0	0	0	0	0	1	0	0	0	0
phasiRNA2442	0	0	0	0	0	0	0	0	0	0	0	0	0	0	0	0	0	0
phasiRNA2447	2	0	1	0	0	1	0	0	0	1	0	0	0	0	0	0	0	0
phasiRNA2448	0	0	0	0	0	0	0	0	0	0	0	0	0	0	0	0	0	0
phasiRNA2449	0	0	1	2	1	1	1	0	0	0	0	0	0	0	0	0	0	0
phasiRNA2450	0	0	2	1	0	0	2	2	0	0	0	0	0	0	0	0	0	0
phasiRNA2451	0	0	0	0	0	0	0	0	0	0	0	0	0	0	0	0	0	0
phasiRNA2452	0	0	0	1	0	0	1	2	0	0	0	0	0	0	2	0	0	0
phasiRNA2453	0	0	0	0	0	2	1	1	0	0	0	0	0	1	0	0	0	0
phasiRNA2454	0	0	0	0	1	0	1	0	0	0	0	1	0	0	0	0	0	0
phasiRNA2455	0	0	2	0	0	2	1	0	0	0	0	0	0	0	0	0	0	0
phasiRNA2456	0	0	0	2	0	0	0	0	0	0	0	0	0	0	0	0	0	0
phasiRNA2458	3	0	9	2	6	2	3	3	0	1	0	0	0	2	0	1	1	0
phasiRNA2459	0	0	0	0	0	0	0	0	0	0	0	0	0	0	0	0	0	0
phasiRNA2460	0	0	0	0	0	0	0	0	0	0	0	0	0	0	0	0	0	0
phasiRNA2462	0	0	0	1	3	3	3	0	0	0	0	0	0	0	2	0	0	0
phasiRNA2463	0	0	1	0	1	1	1	0	0	0	0	0	0	0	0	0	0	0
phasiRNA2464	0	0	2	5	3	1	4	1	0	1	0	0	0	0	0	0	0	2
phasiRNA2468	0	0	0	0	0	1	1	0	0	0	0	0	0	0	0	0	0	0
phasiRNA2469	0	0	1	2	2	1	1	0	0	0	0	0	0	0	0	0	0	0
phasiRNA247	2	0	0	0	6	1	3	0	0	0	0	0	0	0	0	0	0	0
phasiRNA2470	0	0	0	0	0	0	0	0	0	0	0	0	0	0	0	0	0	0
phasiRNA2474	0	1	0	0	0	0	0	0	0	0	0	0	0	0	0	0	0	0
phasiRNA2475	0	0	0	1	0	0	1	0	0	0	0	0	0	0	0	0	0	0
phasiRNA2476	0	0	0	1	1	0	0	0	0	0	0	0	0	0	1	0	0	0
phasiRNA2477	0	0	0	0	0	0	0	0	0	0	0	0	0	0	0	0	0	0
phasiRNA2478	2	0	3	1	2	2	2	0	0	0	1	0	1	1	0	0	1	0
phasiRNA248	1	2	0	7	5	3	19	2	1	0	0	0	1	0	1	0	0	0
phasiRNA2483	0	0	0	0	0	0	0	0	0	0	0	0	0	0	0	0	0	0
phasiRNA2484	0	0	0	0	0	0	0	0	0	0	0	0	0	0	0	0	0	0
phasiRNA2486	0	0	0	0	1	0	5	0	0	0	0	0	0	0	0	0	0	0
phasiRNA2487	0	0	0	0	0	0	0	0	0	0	0	0	0	0	0	0	0	0
phasiRNA2488	1	0	0	0	0	4	0	0	0	0	0	0	0	0	0	0	0	0
phasiRNA2489	0	0	0	0	0	0	0	0	0	0	0	0	0	0	0	0	0	0
phasiRNA2490	0	0	0	0	0	0	0	0	0	0	0	0	0	0	0	0	0	0
phasiRNA2491	0	0	0	0	0	1	0	0	0	0	0	0	0	0	0	0	0	0
phasiRNA2492	0	0	0	0	0	0	0	0	0	0	0	0	0	0	0	0	0	0
phasiRNA2493	0	0	0	0	0	0	0	0	0	0	0	0	0	0	0	0	0	0
phasiRNA2494	0	1	0	0	0	0	0	0	0	0	0	0	0	0	0	0	0	0
phasiRNA2495	0	0	0	0	0	0	0	0	0	0	0	0	0	0	0	0	0	0
phasiRNA2496	0	0	0	0	0	0	0	0	0	0	0	0	0	0	0	0	0	0
phasiRNA2497	1	0	0	2	3	1	0	0	0	0	0	3	0	0	1	0	0	1
phasiRNA2498	0	0	0	4	0	0	0	1	0	0	0	0	0	0	0	0	0	0
phasiRNA2500	0	0	0	0	0	0	0	0	0	0	0	0	0	0	0	0	0	0
phasiRNA2502	0	0	0	0	0	0	0	0	0	0	0	0	0	0	0	0	0	0
phasiRNA2503	0	0	0	0	0	0	0	0	0	0	0	0	0	0	0	0	0	0
phasiRNA2504	0	0	0	0	0	0	0	0	0	0	0	0	0	0	0	0	0	0
phasiRNA2505	0	0	2	0	1	0	0	1	0	0	0	0	0	1	0	0	0	0
phasiRNA2506	0	0	0	0	0	0	1	1	0	2	0	0	0	0	0	0	0	0
phasiRNA2507	0	0	0	0	0	0	0	0	0	0	0	0	0	0	0	0	0	0
phasiRNA2508	0	0	0	0	0	0	0	0	0	0	0	0	0	0	0	0	0	0
phasiRNA2509	0	0	0	1	0	0	0	0	0	0	0	0	0	0	0	0	0	0
phasiRNA2511	514	258	1443	1403	1692	702	1905	1096	175	431	162	290	609	831	555	422	120	323
phasiRNA2512	0	0	0	0	0	0	0	0	0	0	0	0	0	0	0	0	0	0
phasiRNA2513	0	0	0	0	1	0	0	0	0	0	0	0	0	2	0	0	0	0
phasiRNA2514	0	0	0	2	1	0	2	0	0	0	0	0	0	0	0	0	0	0
phasiRNA2515	2	0	0	0	2	0	1	0	0	0	0	0	0	0	0	0	0	0
phasiRNA2516	0	0	0	0	0	0	0	0	0	0	0	0	0	0	0	0	0	0
phasiRNA2517	0	0	0	0	0	0	0	0	0	0	0	0	0	0	0	0	0	0
phasiRNA2518	0	0	1	0	0	0	0	0	0	1	0	0	0	0	0	0	0	0
phasiRNA2519	0	0	2	0	0	0	0	0	0	0	0	0	0	0	0	1	0	0
phasiRNA2520	0	0	0	0	0	0	0	0	0	0	0	0	0	0	0	1	0	0
phasiRNA2521	1	0	1	2	0	0	2	0	1	0	0	0	2	0	1	0	0	1
phasiRNA2522	0	0	0	5	4	0	5	0	0	0	1	1	1	0	0	0	0	0
phasiRNA2524	3	0	3	4	5	5	8	1	0	1	1	1	1	0	0	0	0	1
phasiRNA2525	0	0	0	1	0	0	3	0	0	0	0	0	1	1	0	0	0	0
phasiRNA2526	0	0	1	1	3	0	1	0	0	0	0	0	0	3	0	3	1	0
phasiRNA2527	0	0	0	0	0	0	0	0	0	0	0	0	0	0	0	0	0	0
phasiRNA2529	0	0	0	2	0	0	0	1	1	0	0	0	0	1	0	0	0	0
phasiRNA2530	0	0	0	0	0	0	0	0	0	0	0	0	0	0	0	0	0	0
phasiRNA2531	0	0	0	0	0	0	0	0	0	0	0	0	0	0	0	0	0	0
phasiRNA2549	0	0	2	0	1	1	0	0	0	1	0	0	0	1	0	0	0	0
phasiRNA255	0	0	0	0	0	0	0	0	0	0	0	0	0	0	0	0	0	0
phasiRNA2550	0	0	0	0	0	0	0	0	0	0	0	0	0	0	0	0	0	0
phasiRNA2551	0	0	0	2	3	1	3	1	0	0	0	0	0	0	0	0	0	0
phasiRNA2552	0	0	2	1	0	0	0	0	0	0	0	0	0	0	0	0	0	0
phasiRNA256	1	0	1	4	1	0	0	0	0	0	0	0	0	0	0	0	0	0
phasiRNA257	0	0	0	0	0	0	1	0	0	0	0	0	0	0	0	0	0	0
phasiRNA258	0	0	0	0	0	0	0	0	0	0	0	0	0	0	0	0	0	0
phasiRNA259	9	15	20	48	74	29	37	31	5	8	1	11	16	22	17	8	2	2
phasiRNA260	0	0	0	0	1	0	1	0	0	0	0	0	0	0	0	0	0	0
phasiRNA262	25	10	47	108	84	24	109	48	9	11	9	21	21	18	19	10	4	24
phasiRNA286	0	0	0	0	1	0	0	0	0	0	0	0	0	0	0	0	0	0
phasiRNA287	1	3	18	4	3	0	5	5	2	3	1	3	4	0	0	0	0	6
phasiRNA302	0	3	2	4	2	1	3	0	0	0	0	3	0	0	0	0	0	1
phasiRNA303	0	0	0	0	1	0	0	0	0	0	1	0	0	0	0	0	0	0
phasiRNA319	1	0	0	0	0	0	0	0	0	0	0	0	0	0	0	0	0	0
phasiRNA320	0	0	0	0	2	0	0	0	0	0	0	0	0	0	0	0	0	0
phasiRNA330	0	0	0	0	0	0	0	0	0	0	0	0	0	0	0	0	0	0
phasiRNA331	0	1	0	0	0	0	0	0	0	0	0	0	0	0	0	0	0	0
phasiRNA332	0	0	0	0	0	0	0	0	0	0	0	0	0	0	0	0	1	0
phasiRNA333	0	0	0	0	0	0	0	0	0	0	0	0	0	0	0	0	0	0
phasiRNA334	0	0	0	0	0	0	0	0	0	0	0	0	0	0	0	0	0	0
phasiRNA335	0	0	0	0	0	0	0	0	0	0	0	0	0	0	0	0	0	0
phasiRNA336	0	1	1	3	0	0	2	0	0	0	0	0	0	1	0	1	0	0
phasiRNA337	0	0	0	0	0	0	0	0	0	0	0	0	0	0	0	0	0	0
phasiRNA341	6	3	2	39	33	21	28	9	1	0	0	4	6	8	6	2	0	6
phasiRNA342	0	0	4	3	5	1	4	1	0	0	0	0	0	0	1	0	0	0
phasiRNA343	0	1	0	2	2	2	1	1	1	0	0	0	0	1	0	0	0	0
phasiRNA344	1	0	2	3	6	5	3	1	0	0	0	0	0	0	3	0	0	3
phasiRNA346	8	4	6	21	8	10	34	18	9	4	2	4	4	6	10	5	2	2
phasiRNA347	0	0	0	0	2	0	0	1	0	0	0	0	0	0	0	0	0	0
phasiRNA348	1	0	0	1	4	1	1	0	0	0	0	0	1	3	0	0	0	0
phasiRNA349	1	2	1	20	11	5	6	0	0	0	0	0	5	7	2	0	0	2
phasiRNA350	0	0	0	1	2	1	0	0	0	0	0	0	0	2	0	0	0	1
phasiRNA375	0	0	0	0	0	0	0	0	0	0	0	0	0	0	0	0	0	0
phasiRNA376	0	0	0	2	0	0	0	0	0	0	0	0	0	0	0	0	0	0
phasiRNA377	0	0	0	0	1	0	1	1	0	0	0	0	0	0	0	0	0	0
phasiRNA391	0	1	0	2	1	0	1	1	0	1	0	1	0	0	0	0	0	0
phasiRNA392	0	0	0	0	0	0	0	0	0	0	0	0	0	0	0	0	0	0
phasiRNA399	0	0	0	1	1	1	0	0	0	0	0	0	0	0	0	0	0	0
phasiRNA400	0	0	0	0	0	0	0	0	0	0	0	0	0	0	0	0	0	0
phasiRNA401	0	0	0	0	0	0	0	0	0	0	0	0	0	0	0	0	0	0
phasiRNA402	0	0	0	0	2	0	0	0	0	0	0	0	0	1	0	0	0	1
phasiRNA408	0	1	0	1	0	0	0	0	0	1	0	0	0	0	0	0	0	0
phasiRNA44	0	0	0	0	0	0	0	0	0	0	0	0	0	0	0	0	0	0
phasiRNA45	0	0	0	1	1	0	1	2	0	0	0	0	0	0	1	0	0	0
phasiRNA46	6	2	19	31	19	20	46	23	5	11	4	7	6	3	10	4	1	4
phasiRNA47	0	0	0	0	0	0	1	0	0	0	0	0	1	0	0	1	0	0
phasiRNA48	0	0	1	1	3	1	0	0	1	0	0	0	1	0	0	1	0	0
phasiRNA49	0	0	0	0	0	0	0	0	0	0	0	0	0	0	0	0	0	0
phasiRNA50	0	0	2	1	0	0	0	0	0	1	0	0	0	0	0	0	0	0
phasiRNA506	1	2	1	6	1	0	2	1	1	0	1	0	2	1	0	0	0	0
phasiRNA507	1	1	11	30	19	5	9	4	0	0	0	1	3	7	1	2	0	0
phasiRNA508	1	0	2	12	14	3	4	0	0	0	1	1	1	7	9	0	0	0
phasiRNA509	1	0	2	3	0	0	0	2	0	0	0	0	0	1	0	0	0	0
phasiRNA51	0	1	0	3	2	3	2	0	1	0	0	1	0	1	0	0	0	0
phasiRNA510	9	6	24	20	33	17	106	35	5	9	1	13	14	13	13	9	0	9
phasiRNA511	6	17	31	127	145	47	82	18	1	5	0	4	26	40	14	10	0	8
phasiRNA512	0	0	0	1	0	0	0	0	0	0	0	0	0	0	0	0	0	0
phasiRNA513	0	0	0	0	0	0	3	0	0	0	0	0	0	0	0	0	0	0
phasiRNA514	0	0	0	0	0	0	4	0	0	0	0	0	0	0	0	0	0	0
phasiRNA515	0	0	0	0	0	0	0	0	0	0	0	0	0	0	1	0	0	0
phasiRNA516	0	0	0	0	0	0	0	0	0	0	0	0	0	0	0	0	0	0
phasiRNA517	0	0	1	1	2	0	0	0	0	0	0	0	0	0	1	0	0	0
phasiRNA518	0	0	0	0	0	0	0	0	0	0	0	0	0	0	0	0	0	0
phasiRNA519	0	0	0	0	0	0	0	0	0	0	0	0	0	0	0	0	0	0
phasiRNA52	0	0	0	0	0	0	0	0	1	0	0	0	0	0	0	0	0	0
phasiRNA520	2	58	8	22	17	193	35	8	53	10	63	61	5	4	16	6	6	5
phasiRNA521	0	3	0	0	0	1	0	0	0	0	0	0	0	0	0	0	0	0
phasiRNA522	0	3	5	5	5	36	12	2	8	3	19	46	2	1	1	6	0	2
phasiRNA523	3	5	7	11	16	9	30	6	0	1	0	1	4	0	3	1	1	0
phasiRNA524	0	1	2	2	1	3	7	5	0	1	0	2	2	2	1	3	0	0
phasiRNA525	2	1	0	2	3	0	1	0	0	0	0	0	0	2	0	0	0	0
phasiRNA526	0	0	1	1	3	3	2	0	0	0	0	6	2	2	1	1	0	0
phasiRNA527	0	0	0	0	1	0	0	0	0	0	0	0	0	0	0	0	0	0
phasiRNA528	2	0	1	4	3	3	5	4	0	1	2	5	0	1	1	3	0	1
phasiRNA529	0	0	0	2	0	2	3	2	0	0	0	0	0	1	0	0	0	0
phasiRNA53	0	0	0	0	0	0	0	0	0	0	0	1	0	0	0	0	0	0
phasiRNA530	0	0	0	1	4	1	1	0	0	0	0	1	0	0	0	0	0	0
phasiRNA531	133	72	159	812	709	435	1480	391	92	57	30	172	267	280	269	160	54	105
phasiRNA532	1	0	1	3	2	4	7	0	0	2	0	3	2	4	0	2	0	0
phasiRNA533	0	0	0	8	4	3	1	0	0	0	0	2	2	0	4	2	0	0
phasiRNA534	1	2	0	16	11	2	2	2	0	0	0	0	1	2	1	0	0	1
phasiRNA535	18	15	23	139	136	63	135	35	9	2	3	8	27	34	17	6	1	4
phasiRNA536	6	3	5	19	20	8	26	5	1	0	3	2	1	2	3	1	0	0
phasiRNA537	0	0	0	1	0	0	1	0	0	0	0	0	0	1	0	0	0	0
phasiRNA538	6	4	1	14	20	3	14	0	2	1	1	0	2	6	2	0	1	0
phasiRNA539	0	4	1	0	3	0	1	0	0	0	0	0	0	0	0	0	0	0
phasiRNA540	9	9	9	33	21	9	20	9	2	0	2	7	2	3	2	0	0	0
phasiRNA541	6	6	6	88	79	27	57	17	4	2	0	2	16	25	9	5	0	2
phasiRNA542	1	4	3	8	16	5	4	3	0	0	0	0	1	0	0	0	0	1
phasiRNA543	12	6	9	24	43	19	53	11	7	3	0	2	4	1	1	2	0	0
phasiRNA544	0	0	3	8	4	1	6	0	0	0	0	1	1	0	1	0	0	2
phasiRNA545	0	0	0	0	2	2	4	2	0	0	0	0	1	0	1	2	0	0
phasiRNA546	0	0	0	1	4	1	2	0	0	0	0	1	0	1	0	0	0	0
phasiRNA547	1	0	5	3	5	3	3	0	0	0	0	0	3	0	2	0	0	1
phasiRNA548	1	0	0	2	0	1	1	0	0	0	0	0	0	0	0	0	0	2
phasiRNA549	0	0	0	0	1	1	0	0	0	0	0	0	0	0	0	0	0	0
phasiRNA550	0	0	0	0	1	0	0	0	0	0	0	0	1	0	0	0	0	0
phasiRNA551	0	0	1	12	13	5	7	2	0	0	0	0	2	1	1	0	1	0
phasiRNA552	0	0	0	24	14	4	9	1	0	0	0	0	6	4	4	1	0	1
phasiRNA553	1	1	3	0	1	0	2	1	0	0	0	0	0	1	0	0	0	0
phasiRNA554	1	0	2	0	2	0	4	0	3	2	0	0	0	1	2	0	0	0
phasiRNA555	0	0	0	0	0	0	0	0	0	0	0	0	0	0	0	0	0	0
phasiRNA556	0	0	0	2	0	1	7	0	0	0	0	0	0	0	0	0	0	0
phasiRNA557	0	0	0	0	1	1	0	2	0	0	0	1	0	0	1	0	0	0
phasiRNA558	5	4	14	20	32	10	45	8	1	5	1	9	8	3	5	2	0	2
phasiRNA559	0	1	3	1	3	0	1	0	0	0	0	0	0	0	0	0	0	0
phasiRNA560	0	0	1	5	1	2	2	0	0	0	0	0	0	1	0	2	0	0
phasiRNA561	0	1	1	8	1	0	4	0	0	0	2	0	0	1	1	0	0	0
phasiRNA562	0	0	0	1	0	0	0	0	0	0	0	0	0	0	0	0	0	0
phasiRNA563	0	0	0	0	0	0	0	0	0	0	0	0	0	0	0	0	0	0
phasiRNA564	0	0	0	0	0	0	1	0	0	0	0	0	0	0	0	0	0	0
phasiRNA565	1	2	6	0	4	2	2	2	0	0	0	1	0	0	0	0	0	0
phasiRNA566	0	1	0	7	2	1	8	0	0	2	0	0	1	1	0	0	0	0
phasiRNA567	0	0	0	0	0	0	0	0	0	0	0	0	0	0	0	0	0	0
phasiRNA568	0	0	0	0	0	0	0	0	0	0	0	0	0	0	0	0	0	0
phasiRNA570	1	3	1	0	0	0	7	3	0	0	2	2	1	0	0	1	0	0
phasiRNA571	0	0	4	2	1	0	2	0	0	0	0	0	0	1	0	0	0	0
phasiRNA572	0	0	0	0	0	0	0	0	0	0	0	0	0	0	0	0	0	0
phasiRNA573	4	7	7	66	76	17	27	7	2	2	1	4	5	12	2	4	0	0
phasiRNA574	0	1	0	2	1	1	0	0	0	2	0	0	0	0	1	0	0	0
phasiRNA575	0	0	0	9	6	5	5	3	0	1	0	0	0	0	0	0	0	0
phasiRNA576	1	0	0	3	5	7	3	1	0	0	0	0	0	0	0	0	0	0
phasiRNA577	2	0	1	0	5	3	0	1	0	0	2	0	0	0	0	0	0	0
phasiRNA578	3	0	6	7	17	8	7	4	0	0	2	2	10	4	3	1	1	0
phasiRNA579	0	0	0	1	0	0	1	0	0	0	0	0	1	0	0	0	0	0
phasiRNA580	0	1	1	6	6	2	2	2	2	1	0	0	2	2	0	2	0	0
phasiRNA581	1	0	1	4	3	2	5	2	1	0	0	0	2	1	3	0	0	0
phasiRNA582	9	8	44	38	48	29	68	24	1	8	3	20	29	13	15	10	1	10
phasiRNA583	18	17	77	69	95	45	83	41	14	16	4	13	25	19	11	16	2	15
phasiRNA584	8	4	13	13	33	9	20	10	0	2	3	5	8	5	2	2	2	1
phasiRNA585	2	2	11	11	11	6	8	4	0	0	2	1	7	3	1	2	0	1
phasiRNA587	2	1	14	153	124	58	45	10	6	6	1	3	23	56	22	7	1	4
phasiRNA588	32	46	266	582	751	265	685	162	31	25	15	38	114	142	52	36	10	33
phasiRNA589	8	11	74	107	167	69	66	20	4	7	4	18	24	37	10	12	0	5
phasiRNA59	1	5	3	7	12	5	11	1	0	1	0	0	4	3	0	3	0	1
phasiRNA590	103	78	283	340	399	192	561	139	11	55	15	105	114	95	57	54	5	35
phasiRNA591	32	40	122	75	71	25	85	29	0	39	6	22	21	16	14	10	5	3
phasiRNA592	10	3	4	177	127	45	75	32	10	4	2	8	36	47	37	12	6	11
phasiRNA593	3	5	17	28	16	14	18	5	1	4	1	2	3	3	1	2	0	0
phasiRNA594	0	1	1	2	3	4	4	0	0	0	0	1	0	0	1	1	0	0
phasiRNA595	1	1	2	0	4	1	4	1	0	2	0	0	3	0	1	0	0	0
phasiRNA596	0	0	1	0	1	2	0	0	0	0	0	0	0	0	0	0	0	0
phasiRNA597	425	265	713	4154	2776	1403	4421	1336	285	177	99	371	872	1526	845	588	161	349
phasiRNA598	25	19	44	194	211	97	154	38	20	23	6	25	53	57	26	24	9	22
phasiRNA599	14	7	34	69	69	19	63	10	3	5	2	4	12	18	13	15	2	7
phasiRNA600	39	41	204	286	358	127	275	112	14	45	10	48	95	114	50	43	4	32
phasiRNA601	1	0	2	3	7	2	1	0	0	0	0	0	0	0	0	0	0	0
phasiRNA602	110	96	283	596	811	322	1335	421	45	71	24	90	201	201	113	118	22	117
phasiRNA603	0	1	1	7	5	0	9	2	0	0	0	1	2	1	2	3	0	0
phasiRNA604	0	0	0	5	4	2	5	2	1	0	0	0	2	0	3	0	1	0
phasiRNA605	1	0	3	6	11	2	9	3	0	0	0	0	3	3	0	1	0	1
phasiRNA606	1	0	0	1	3	0	4	1	0	0	0	0	0	0	0	0	0	0
phasiRNA607	0	0	0	1	0	0	3	0	0	0	0	0	1	0	0	0	0	0
phasiRNA608	0	0	0	2	0	1	2	0	0	0	0	1	1	2	1	0	0	1
phasiRNA609	0	0	0	1	4	0	0	0	0	0	0	0	0	0	0	0	0	0
phasiRNA610	0	0	0	1	1	0	0	0	0	0	0	0	0	0	0	0	0	0
phasiRNA611	0	0	0	1	1	0	0	1	0	0	0	0	0	1	0	0	0	0
phasiRNA612	5	6	14	33	41	9	30	3	1	5	2	3	5	13	5	0	0	3
phasiRNA613	2	0	1	6	5	2	3	0	0	1	0	1	1	2	1	1	0	0
phasiRNA614	7	7	2	106	92	45	68	30	7	0	0	2	12	8	15	6	0	9
phasiRNA615	0	0	0	7	21	4	3	5	1	0	0	0	2	1	2	0	0	1
phasiRNA616	33	30	25	122	224	112	192	183	11	4	1	7	17	36	29	27	4	18
phasiRNA617	2	1	4	12	39	10	23	2	2	1	2	0	1	6	4	0	0	1
phasiRNA618	22	11	10	254	245	103	152	72	18	2	1	7	34	40	35	16	3	13
phasiRNA619	1	1	0	66	101	42	39	6	0	0	0	3	14	6	4	1	1	1
phasiRNA620	0	0	1	1	4	0	2	2	1	0	0	0	0	0	0	0	0	0
phasiRNA621	0	0	0	0	0	0	0	0	0	0	0	0	0	0	0	0	0	0
phasiRNA622	2	2	4	4	9	3	11	1	0	0	0	3	5	2	0	3	0	0
phasiRNA623	0	0	2	0	0	1	0	0	0	1	0	0	0	0	0	0	0	0
phasiRNA624	1	1	3	6	4	3	6	0	0	0	0	0	2	2	1	1	0	0
phasiRNA625	0	0	0	1	4	0	2	0	0	0	0	0	0	0	0	0	0	0
phasiRNA626	0	0	0	0	0	0	0	0	0	0	0	0	1	0	0	0	0	0
phasiRNA627	24	8	34	87	98	38	116	27	16	16	2	11	16	30	16	19	5	9
phasiRNA628	0	0	0	2	1	0	2	0	0	0	0	0	0	0	0	0	0	0
phasiRNA629	0	0	1	7	7	3	0	1	0	0	0	0	0	2	1	0	0	0
phasiRNA630	2	6	8	9	7	5	19	2	1	5	1	2	2	1	3	1	0	0
phasiRNA631	2	1	1	5	3	2	3	1	0	0	0	0	0	1	0	0	0	1
phasiRNA632	18	10	42	24	45	22	48	22	2	6	1	6	10	7	3	5	1	2
phasiRNA633	22	25	115	51	77	49	149	38	5	15	6	23	28	24	13	17	1	8
phasiRNA634	0	1	9	6	3	2	10	4	2	0	1	5	0	0	2	1	0	0
phasiRNA635	2	0	1	3	1	0	4	0	0	1	0	1	0	0	0	1	0	0
phasiRNA636	4	1	11	11	12	0	18	3	0	1	0	1	5	2	2	2	0	2
phasiRNA637	0	0	1	2	0	0	0	0	0	0	1	0	0	0	0	0	0	0
phasiRNA638	0	0	1	0	0	0	0	0	0	0	0	0	0	0	0	0	0	0
phasiRNA639	0	0	3	6	5	3	4	1	1	0	0	0	2	2	1	0	0	1
phasiRNA640	0	0	2	0	2	0	0	1	0	0	0	0	0	0	0	0	0	0
phasiRNA641	0	0	0	0	0	2	1	1	0	0	0	0	0	0	0	0	0	0
phasiRNA642	0	0	1	2	4	1	4	1	1	0	0	0	2	0	0	1	0	0
phasiRNA643	1	2	3	1	3	3	4	3	1	0	0	1	0	1	0	0	0	0
phasiRNA644	2	0	1	0	0	0	0	1	0	0	0	0	0	0	0	0	0	0
phasiRNA645	1	1	4	13	16	7	19	4	3	1	3	2	6	9	4	2	1	1
phasiRNA646	0	0	2	1	3	0	1	1	0	0	1	0	2	0	0	2	0	1
phasiRNA647	0	0	1	4	1	1	2	0	0	0	0	1	0	0	0	1	1	0
phasiRNA648	0	0	4	4	4	0	5	2	0	0	0	0	0	0	1	0	0	0
phasiRNA649	1	2	7	4	10	3	10	6	0	1	0	1	5	3	0	3	0	2
phasiRNA650	0	0	0	1	0	1	1	0	0	0	0	0	1	0	1	0	0	0
phasiRNA651	0	0	0	0	0	0	1	0	0	0	0	0	0	0	0	0	0	0
phasiRNA652	0	0	0	1	0	0	1	0	1	0	0	0	0	0	0	0	0	0
phasiRNA653	0	0	0	0	0	0	0	0	0	0	0	0	0	0	0	0	0	0
phasiRNA654	0	0	2	1	4	2	1	0	0	2	0	0	0	0	0	1	0	0
phasiRNA655	0	2	0	4	11	8	2	7	0	2	0	0	1	1	2	2	0	0
phasiRNA656	6	7	24	24	25	21	37	13	0	5	3	5	8	9	4	4	5	4
phasiRNA657	1	0	0	0	2	1	1	0	0	0	0	1	1	0	0	0	0	0
phasiRNA658	0	1	0	1	4	0	0	0	1	0	0	0	0	1	0	0	1	0
phasiRNA659	0	0	1	6	0	2	7	1	0	2	0	0	1	0	0	2	0	0
phasiRNA660	0	0	1	0	6	2	3	0	0	0	0	0	1	0	0	0	0	0
phasiRNA661	0	0	0	2	2	0	2	0	0	0	0	0	1	0	1	0	0	0
phasiRNA662	1	0	1	2	0	0	0	0	0	0	0	0	0	0	0	0	0	0
phasiRNA663	0	0	2	3	4	0	5	1	1	0	0	0	0	0	1	0	0	0
phasiRNA664	4	2	3	10	6	1	19	1	1	0	0	1	0	2	1	0	0	0
phasiRNA665	22	23	34	84	98	39	118	111	11	3	1	15	7	19	13	13	6	6
phasiRNA666	0	0	0	0	1	0	1	0	0	0	0	0	0	0	0	0	0	0
phasiRNA667	0	2	0	1	0	0	3	1	0	0	0	0	0	1	0	0	0	0
phasiRNA668	1	0	1	0	4	5	1	0	0	2	0	0	1	0	0	0	0	0
phasiRNA669	0	0	0	1	1	0	2	1	0	0	0	0	0	0	0	0	0	0
phasiRNA670	0	0	0	2	1	0	1	0	0	0	0	0	0	1	0	0	0	0
phasiRNA671	0	0	3	10	19	7	6	1	0	0	0	1	7	3	3	0	1	0
phasiRNA672	1	0	2	0	0	0	1	1	0	0	0	0	1	0	0	0	0	0
phasiRNA673	0	0	1	7	6	3	5	2	0	0	0	1	1	3	1	3	0	0
phasiRNA674	2	7	20	5	14	4	15	9	0	1	0	1	4	2	0	1	0	3
phasiRNA675	0	0	0	0	0	0	0	0	0	0	0	0	0	0	0	0	0	0
phasiRNA676	0	0	0	6	1	2	4	0	0	0	0	0	0	0	0	0	0	1
phasiRNA679	0	0	0	1	0	2	0	0	0	1	0	0	0	0	1	0	0	0
phasiRNA680	0	0	0	0	0	0	0	0	0	0	0	0	0	0	0	0	0	0
phasiRNA681	1	0	2	1	1	2	1	0	0	0	0	1	0	1	0	0	0	0
phasiRNA682	0	0	0	3	0	1	0	0	0	0	0	1	0	0	0	0	0	1
phasiRNA683	7	4	3	32	24	10	21	6	1	2	0	1	1	3	1	1	0	0
phasiRNA684	0	0	0	0	1	0	0	0	0	0	0	0	0	0	0	0	0	0
phasiRNA686	29	17	21	101	74	23	64	51	18	19	16	14	36	33	40	33	19	17
phasiRNA687	0	0	7	23	23	6	6	1	1	2	0	0	2	13	2	0	0	0
phasiRNA688	1	0	1	38	42	9	15	4	1	0	0	0	6	9	3	1	0	1
phasiRNA689	0	0	2	2	6	1	3	2	0	0	0	0	0	0	0	1	0	0
phasiRNA690	4	0	2	5	16	6	18	1	1	2	0	2	5	5	2	2	0	2
phasiRNA691	9	3	11	6	20	6	11	16	0	2	0	0	0	4	1	5	0	0
phasiRNA692	0	0	4	16	8	3	6	2	1	2	0	2	3	0	1	0	0	3
phasiRNA693	0	0	1	11	6	6	6	1	2	0	0	0	1	0	0	0	0	0
phasiRNA694	0	0	1	6	1	0	3	2	0	0	0	0	0	1	1	1	0	0
phasiRNA695	0	0	1	4	2	0	1	3	0	0	0	0	2	2	0	0	0	0
phasiRNA696	4	2	4	7	14	3	12	5	0	0	2	0	2	4	2	0	1	0
phasiRNA697	2	2	4	21	22	5	8	1	2	1	0	0	5	1	0	4	0	3
phasiRNA698	0	0	0	0	0	0	0	0	0	0	0	0	0	0	0	0	0	0
phasiRNA699	0	0	3	15	33	13	15	2	1	0	0	0	3	4	2	5	0	0
phasiRNA700	0	0	0	1	2	1	0	0	0	0	0	0	1	1	0	0	0	0
phasiRNA701	0	0	1	0	4	0	2	0	0	0	0	0	0	0	0	0	0	0
phasiRNA702	3	3	6	12	6	5	12	2	0	0	0	0	0	1	1	1	0	0
phasiRNA704	0	1	1	0	0	0	0	0	0	0	0	0	0	0	0	0	0	0
phasiRNA705	0	0	1	0	0	0	1	0	0	0	0	0	0	0	0	0	0	0
phasiRNA706	0	0	0	1	0	0	0	1	0	0	0	0	0	0	0	0	0	0
phasiRNA707	0	0	0	0	1	0	1	0	0	0	0	0	0	0	0	0	0	0
phasiRNA708	4	3	8	10	23	7	22	4	1	5	0	2	6	4	3	2	0	0
phasiRNA709	1	1	2	2	3	5	2	3	0	2	0	0	0	1	0	1	1	0
phasiRNA710	0	0	0	3	1	0	0	0	0	1	0	0	1	0	0	1	0	0
phasiRNA711	0	0	0	0	0	0	0	0	0	0	0	0	0	0	0	0	0	0
phasiRNA713	1	5	5	3	7	11	4	1	0	0	2	0	1	0	0	1	0	2
phasiRNA714	0	0	0	4	4	0	2	1	0	0	0	0	0	2	0	1	0	0
phasiRNA715	12	2	3	91	81	31	41	27	4	0	0	0	9	11	6	3	0	2
phasiRNA716	1	0	0	4	3	1	0	0	0	0	0	0	1	0	0	0	0	0
phasiRNA717	0	0	0	25	13	7	2	1	1	0	0	0	1	9	3	0	0	0
phasiRNA718	0	0	0	0	0	0	0	0	0	0	0	0	0	0	0	0	0	0
phasiRNA719	0	0	0	0	1	0	0	0	0	0	0	0	0	0	0	0	0	0
phasiRNA720	0	0	0	0	2	2	0	3	1	0	0	0	0	1	0	0	0	0
phasiRNA721	0	0	1	0	6	1	3	2	0	0	0	0	0	0	1	0	0	0
phasiRNA722	2	0	1	2	0	0	1	0	0	1	1	2	1	1	0	0	0	0
phasiRNA723	8	4	26	43	33	13	51	11	2	10	2	13	11	15	3	2	0	2
phasiRNA724	5	1	2	3	4	2	2	1	0	1	0	0	0	0	1	0	0	0
phasiRNA725	2	1	1	1	5	3	5	8	0	2	0	0	2	0	2	1	0	0
phasiRNA726	0	1	5	2	5	7	9	1	2	1	0	1	2	0	0	2	0	0
phasiRNA728	1	0	0	1	0	1	2	2	0	1	0	0	0	0	0	0	0	0
phasiRNA729	0	0	0	2	6	2	0	1	0	1	1	0	0	0	0	0	0	0
phasiRNA730	0	0	1	2	0	4	1	0	0	1	0	0	0	1	0	0	0	2
phasiRNA736	0	0	0	0	0	0	0	0	0	0	0	0	0	0	0	0	0	0
phasiRNA738	0	0	0	0	0	0	1	0	0	0	0	0	0	0	0	0	0	0
phasiRNA739	0	0	0	2	0	0	1	0	0	1	0	0	1	0	0	0	2	0
phasiRNA740	0	0	0	0	0	0	0	0	0	0	0	0	0	0	0	0	0	0
phasiRNA741	0	0	0	1	0	0	0	0	0	0	0	0	1	0	0	0	0	0
phasiRNA742	0	0	0	1	0	0	0	0	0	0	0	0	0	0	0	0	0	0
phasiRNA743	0	1	3	1	0	0	0	0	0	0	0	0	0	0	0	0	0	0
phasiRNA747	0	2	0	1	1	1	0	0	0	0	0	0	0	0	0	0	0	0
phasiRNA748	0	0	0	0	1	0	2	0	0	0	0	0	0	0	0	0	0	0
phasiRNA749	0	0	0	0	0	0	0	0	0	0	0	0	0	0	0	0	0	0
phasiRNA750	0	1	2	1	3	0	2	0	0	0	0	0	0	4	1	0	0	0
phasiRNA751	0	0	1	1	2	2	0	0	0	0	0	0	2	0	0	0	0	0
phasiRNA753	0	0	1	0	0	0	0	0	0	0	0	0	0	0	0	0	0	0
phasiRNA755	0	0	0	0	0	0	0	0	0	0	0	0	0	0	0	0	0	0
phasiRNA756	0	0	0	0	1	0	3	0	0	0	0	0	0	0	0	0	0	0
phasiRNA757	1	0	2	2	1	0	0	0	0	0	0	0	0	1	0	0	0	0
phasiRNA758	0	0	0	5	1	1	0	0	0	0	0	1	0	2	0	0	0	0
phasiRNA759	0	0	2	0	0	2	0	0	0	0	0	0	0	0	0	0	0	0
phasiRNA760	0	1	0	1	5	0	1	0	0	0	0	1	1	0	0	0	0	0
phasiRNA761	3	0	1	0	0	1	1	2	0	1	0	2	0	1	2	0	0	0
phasiRNA762	1	0	0	2	3	1	2	2	0	0	0	0	1	0	0	0	2	0
phasiRNA763	0	0	0	0	0	0	0	0	0	0	0	0	0	0	0	0	0	0
phasiRNA764	0	0	0	0	0	0	0	0	0	1	0	0	0	0	0	0	0	0
phasiRNA765	0	0	0	0	0	0	0	0	0	0	0	0	0	0	0	0	0	0
phasiRNA766	0	0	0	0	0	0	0	0	0	0	0	0	0	0	0	1	0	0
phasiRNA768	1	2	4	5	12	3	9	6	1	0	1	5	4	0	4	0	0	1
phasiRNA770	0	0	0	2	0	0	1	1	0	0	0	0	0	1	1	0	0	0
phasiRNA771	2	0	7	8	9	2	3	2	3	0	0	1	0	0	1	0	0	0
phasiRNA772	3	4	23	16	24	3	25	4	3	1	1	4	5	6	3	7	1	0
phasiRNA773	0	2	4	2	4	1	4	3	1	2	0	2	0	3	3	0	1	0
phasiRNA774	24	15	46	68	57	38	103	34	5	9	7	35	20	12	24	13	3	8
phasiRNA775	0	0	2	18	25	5	8	1	1	0	0	1	3	5	3	0	0	2
phasiRNA776	0	0	0	1	0	0	1	0	0	0	0	0	0	0	0	0	0	0
phasiRNA777	0	0	0	0	1	0	0	0	0	0	0	0	0	0	0	0	0	0
phasiRNA778	0	0	1	0	0	0	1	0	1	0	0	0	0	0	0	0	0	0
phasiRNA780	0	0	0	0	0	0	0	0	0	0	0	0	0	0	0	0	0	0
phasiRNA781	1	0	1	5	4	1	6	4	0	0	0	1	2	1	0	0	0	1
phasiRNA782	0	0	1	7	21	13	7	5	1	0	0	0	2	1	0	2	0	1
phasiRNA783	0	0	0	15	15	4	3	4	1	0	0	0	1	2	2	0	0	0
phasiRNA784	1	0	1	14	28	14	9	7	2	0	0	0	4	2	2	0	0	0
phasiRNA785	0	0	0	0	0	0	0	0	0	0	0	0	0	0	0	0	0	0
phasiRNA786	0	0	0	0	0	0	0	0	0	0	0	0	0	0	0	0	0	0
phasiRNA787	1	0	0	22	28	11	9	2	0	0	0	1	6	7	3	1	0	1
phasiRNA788	1	0	0	11	21	10	10	2	0	0	0	0	2	1	3	0	0	1
phasiRNA789	0	0	0	0	0	0	0	0	0	0	0	0	0	0	0	0	0	0
phasiRNA790	0	0	0	0	0	0	0	0	0	0	0	0	0	0	0	0	0	0
phasiRNA791	0	0	0	1	2	0	0	0	0	0	0	0	0	0	0	0	0	0
phasiRNA792	0	2	0	6	3	0	1	0	0	0	0	0	1	0	0	0	0	0
phasiRNA793	0	0	0	0	0	0	0	0	0	0	0	0	0	0	0	0	0	0
phasiRNA794	3	1	11	15	12	5	7	6	0	0	0	4	1	1	2	0	3	1
phasiRNA795	0	0	0	0	0	0	1	0	1	0	0	0	0	0	0	0	0	0
phasiRNA797	0	0	0	1	1	0	0	0	0	0	0	0	0	0	0	0	0	0
phasiRNA798	0	1	0	0	0	0	0	0	0	0	0	0	0	0	0	0	0	0
phasiRNA801	0	0	0	1	0	0	1	0	0	0	0	0	0	0	0	0	0	0
phasiRNA802	2	1	9	11	6	2	19	3	0	3	0	7	2	1	1	0	0	0
phasiRNA803	0	0	3	0	0	0	0	0	0	0	0	0	0	0	0	0	0	0
phasiRNA805	0	0	0	6	3	2	1	0	0	0	0	0	0	0	0	1	0	0
phasiRNA806	1	2	4	2	1	1	2	1	0	2	0	1	0	0	0	2	0	0
phasiRNA807	44	28	139	64	91	48	124	70	20	38	19	38	26	29	23	24	13	24
phasiRNA808	0	0	0	0	0	0	0	0	0	0	0	0	0	0	0	0	0	0
phasiRNA809	2	0	2	13	11	2	16	4	0	0	0	0	0	0	0	0	0	0
phasiRNA810	0	0	6	9	16	4	13	4	0	1	0	0	0	4	4	2	0	1
phasiRNA811	0	1	5	6	8	4	7	3	0	2	0	0	1	0	1	1	0	4
phasiRNA812	0	0	0	0	0	0	1	1	0	0	0	0	0	0	0	0	0	0
phasiRNA813	0	0	4	4	4	2	3	0	0	0	4	0	0	0	0	0	0	0
phasiRNA814	0	0	1	3	1	0	3	1	0	0	0	0	1	0	0	0	0	0
phasiRNA815	6	0	10	36	41	7	43	8	0	3	1	6	6	6	2	4	0	3
phasiRNA816	0	0	2	2	7	2	4	1	0	1	0	0	0	0	2	1	0	1
phasiRNA819	3	5	28	34	47	9	21	20	1	4	0	7	3	6	6	1	1	3
phasiRNA821	1	0	0	0	0	1	0	1	0	0	0	0	0	0	0	0	0	0
phasiRNA822	0	2	0	6	4	0	0	1	0	2	0	0	1	2	0	0	3	1
phasiRNA823	0	0	0	1	2	0	0	0	0	0	0	0	0	0	0	0	0	0
phasiRNA824	3	1	2	4	17	2	2	0	1	0	0	2	3	1	2	1	0	0
phasiRNA825	0	0	0	0	0	0	0	0	0	0	0	0	0	0	0	0	0	0
phasiRNA826	1	2	9	2	3	2	3	0	0	0	0	0	1	0	0	0	0	1
phasiRNA827	0	0	0	0	0	0	0	0	0	0	0	0	0	0	0	0	0	0
phasiRNA828	0	0	0	0	0	0	0	0	0	0	0	0	0	0	0	0	0	0
phasiRNA829	0	1	1	10	4	3	3	1	0	0	0	0	0	0	1	0	0	0
phasiRNA830	0	0	0	0	0	0	0	0	0	0	0	0	0	0	0	0	0	0
phasiRNA831	0	0	0	0	0	0	0	0	0	0	0	0	0	0	0	0	0	0
phasiRNA833	11	10	43	78	111	45	109	44	8	6	2	14	23	23	18	14	5	5
phasiRNA834	0	0	0	5	6	5	1	0	0	0	0	0	1	4	0	0	0	0
phasiRNA836	1	1	2	0	6	0	6	3	0	3	0	2	0	1	0	0	0	0
phasiRNA837	0	0	0	0	0	0	0	0	0	1	0	0	0	0	0	0	0	0
phasiRNA838	0	0	0	0	0	0	0	0	0	0	0	0	0	0	0	0	0	0
phasiRNA839	0	0	0	0	0	0	1	0	0	0	0	0	0	0	0	0	0	0
phasiRNA840	0	0	0	0	2	1	1	0	1	0	0	0	0	0	0	0	0	0
phasiRNA841	2	4	8	1	1	0	0	2	1	1	0	0	0	0	0	1	0	0
phasiRNA842	0	1	3	5	4	1	0	4	0	1	0	2	0	1	1	0	0	0
phasiRNA843	0	0	0	0	0	0	0	0	0	0	0	0	0	0	0	0	0	0
phasiRNA844	0	0	0	0	0	0	0	0	0	0	0	0	0	0	0	0	0	0
phasiRNA845	0	0	0	1	0	0	0	0	0	0	0	0	0	0	0	0	0	0
phasiRNA846	0	1	1	1	2	0	0	0	0	0	0	0	0	2	0	0	0	0
phasiRNA847	0	0	0	0	0	0	2	0	0	0	0	0	0	0	0	0	0	0
phasiRNA849	0	0	0	0	0	0	0	0	0	0	0	0	0	0	0	0	0	0
phasiRNA850	0	0	0	0	0	0	0	0	0	0	0	0	0	0	0	0	0	0
phasiRNA851	0	5	0	5	2	4	6	6	2	0	0	0	1	3	0	5	1	2
phasiRNA852	1	2	1	0	0	2	1	1	0	1	0	0	1	1	0	0	0	0
phasiRNA853	3	2	3	10	10	6	11	1	0	0	0	0	0	2	0	0	0	1
phasiRNA854	0	0	0	0	6	0	0	0	0	0	0	0	0	0	0	0	0	0
phasiRNA855	1	0	0	0	0	0	0	0	0	0	0	0	0	0	0	0	0	0
phasiRNA858	0	0	0	1	0	0	0	0	0	0	0	0	0	0	0	0	0	0
phasiRNA861	0	0	0	0	1	0	0	0	0	0	0	0	2	2	0	0	0	0
phasiRNA863	1	3	9	15	18	6	7	9	1	3	3	1	5	3	3	2	0	1
phasiRNA864	0	0	0	0	2	1	0	0	0	0	0	0	2	1	0	0	0	0
phasiRNA870	0	0	0	0	0	0	0	0	0	0	0	0	0	0	0	0	0	0
phasiRNA871	0	0	0	0	0	0	0	0	0	0	0	0	0	0	0	0	0	0
phasiRNA872	0	1	1	7	2	0	8	2	0	0	0	0	1	0	3	2	0	0
phasiRNA873	0	0	0	0	0	1	0	1	0	1	0	0	2	0	0	1	0	0
phasiRNA874	0	0	0	0	2	0	0	0	0	0	0	0	0	1	0	0	0	0
phasiRNA875	0	0	0	0	0	0	0	0	0	0	0	0	0	0	0	0	0	0
phasiRNA876	0	0	0	0	0	0	0	0	0	0	0	0	0	0	0	0	0	0
phasiRNA877	0	0	0	0	0	0	0	0	0	0	0	0	0	0	0	0	0	0
phasiRNA878	3	1	1	1	3	1	12	1	0	1	0	0	0	1	0	0	0	0
phasiRNA879	0	0	0	0	0	0	0	0	0	0	0	0	0	0	0	0	0	0
phasiRNA880	0	0	0	0	0	0	0	0	0	0	0	0	0	0	0	0	0	0
phasiRNA881	1	0	10	6	2	2	3	0	0	0	0	0	2	1	0	0	0	0
phasiRNA882	65	25	182	252	250	157	154	107	26	40	29	59	69	45	48	38	8	34
phasiRNA883	1	0	2	1	0	0	0	0	0	0	0	0	0	0	0	0	0	0
phasiRNA884	1	0	0	0	0	0	0	0	0	0	0	0	0	0	0	0	0	0
phasiRNA885	0	1	12	9	10	9	13	1	3	2	3	4	7	0	4	2	2	0
phasiRNA886	0	0	0	0	0	0	0	0	0	0	0	0	0	0	0	0	0	0
phasiRNA887	0	0	0	1	4	2	4	0	0	0	0	0	2	1	1	1	0	0
phasiRNA888	2	0	1	21	21	12	13	3	0	0	0	0	3	3	1	0	0	1
phasiRNA889	0	0	0	0	0	0	0	0	0	0	0	0	0	0	0	0	0	0
phasiRNA890	0	0	0	0	0	0	0	0	0	0	0	0	0	0	0	0	0	0
phasiRNA891	0	0	0	0	1	0	0	0	0	0	0	0	0	2	1	0	0	0
phasiRNA892	0	0	0	0	0	0	3	0	0	0	0	0	0	0	0	0	0	0
phasiRNA893	0	0	0	0	0	0	1	0	0	0	0	0	0	0	0	0	0	0
phasiRNA894	14	7	25	50	59	23	59	20	3	2	2	9	7	12	9	13	2	6
phasiRNA895	0	0	0	0	0	1	0	0	0	0	0	0	0	0	0	0	0	0
phasiRNA896	0	0	1	1	0	0	3	2	0	0	0	1	0	0	0	0	0	0
phasiRNA897	0	0	0	0	0	0	3	1	0	0	0	0	2	0	0	1	0	0
phasiRNA898	0	0	1	2	2	0	0	0	0	0	0	1	0	0	1	0	0	0
phasiRNA899	0	0	0	0	1	0	1	0	0	0	0	0	0	0	0	0	0	0
phasiRNA900	0	0	0	0	0	0	2	0	0	0	0	0	0	0	0	0	0	0
phasiRNA901	0	0	3	0	0	0	1	0	0	0	0	0	0	0	0	0	0	0
phasiRNA902	2	0	1	2	2	0	13	1	0	0	0	2	1	0	0	0	0	1
phasiRNA903	0	0	1	0	1	0	1	0	0	0	0	0	0	0	0	0	0	0
phasiRNA904	2	1	0	16	6	9	10	5	0	0	0	0	1	8	4	1	0	0
phasiRNA905	0	0	0	0	0	0	0	0	0	0	0	0	0	0	0	0	0	0
phasiRNA906	0	0	1	0	0	0	1	1	0	0	0	0	0	0	1	1	0	0
phasiRNA907	0	0	0	0	0	0	0	0	0	0	0	0	0	0	0	0	0	0
phasiRNA908	0	0	0	0	0	0	0	0	0	0	0	0	0	0	0	0	0	0
phasiRNA918	0	0	0	2	0	0	2	0	0	0	0	0	0	0	0	0	0	0
phasiRNA919	1	2	11	7	9	0	3	1	0	1	0	0	3	0	0	0	0	0
phasiRNA921	0	0	0	1	0	0	0	0	0	0	0	0	0	0	0	0	0	0
phasiRNA922	0	5	19	7	11	17	16	20	8	1	1	3	9	6	7	9	1	8
phasiRNA923	46	27	171	101	191	79	155	82	14	46	8	48	52	56	26	20	4	29
phasiRNA924	1	1	1	122	80	70	281	169	57	0	0	0	54	81	45	80	7	47
phasiRNA925	0	0	0	0	0	0	0	0	0	0	0	0	0	0	0	0	0	0
phasiRNA926	2	1	2	4	14	7	5	9	1	0	1	3	3	0	0	1	0	0
phasiRNA927	3	0	9	18	35	13	12	2	1	1	0	1	10	7	2	1	0	0
phasiRNA928	795	1236	4352	1679	2616	1343	3224	2671	651	1362	569	644	688	673	380	1096	332	610
phasiRNA929	0	0	0	0	0	0	0	0	0	0	0	0	0	0	0	0	0	0
phasiRNA930	10	13	28	113	123	69	152	31	7	18	2	19	36	35	30	20	3	12
phasiRNA931	7	7	26	38	41	21	82	25	3	4	2	13	14	7	5	13	2	11
phasiRNA932	7	9	19	20	26	16	34	17	2	7	1	7	3	5	6	5	1	3
phasiRNA933	5	5	2	13	18	7	8	7	0	2	0	2	3	2	1	1	0	0
phasiRNA934	0	0	0	0	1	0	0	0	0	0	0	0	1	0	0	0	0	0
phasiRNA935	0	0	0	0	0	0	0	0	0	0	0	0	0	0	0	0	0	0
phasiRNA937	0	0	0	0	0	0	0	0	0	0	0	0	0	0	0	0	0	0
phasiRNA938	22	10	29	11	18	9	42	20	7	17	3	12	7	2	1	5	4	3
phasiRNA939	0	1	0	3	1	0	4	2	1	0	0	0	3	0	0	0	0	1
phasiRNA940	6	3	7	10	20	5	34	14	2	6	2	2	1	8	1	2	2	2
phasiRNA941	5	0	1	1	4	0	4	2	0	0	0	2	1	0	0	0	0	1
phasiRNA942	14	3	6	20	19	12	32	10	11	2	8	7	3	7	8	9	1	2
phasiRNA943	0	0	0	0	0	0	0	0	0	0	0	0	0	0	0	0	0	0
phasiRNA944	3	4	5	10	9	2	6	6	0	5	0	6	0	4	0	1	1	0
phasiRNA951	2	1	4	8	2	1	1	0	0	0	0	0	1	0	2	1	0	1
phasiRNA952	7	4	1	14	17	5	6	3	0	1	0	1	8	1	0	2	0	1
phasiRNA953	0	0	0	1	1	0	0	0	0	0	0	0	0	1	0	0	0	0
phasiRNA954	0	0	0	0	0	0	0	0	0	0	0	0	0	0	0	0	0	0
phasiRNA955	0	0	1	0	0	2	0	0	0	0	0	0	0	0	2	0	0	0
phasiRNA956	2	3	16	18	8	4	20	7	6	4	2	9	2	4	2	5	0	4
phasiRNA957	0	0	0	0	0	1	0	0	0	0	0	0	0	1	0	0	0	0
phasiRNA958	1	0	2	4	5	0	2	0	0	0	0	0	4	1	0	0	0	0
phasiRNA959	0	0	0	0	0	0	0	0	0	0	0	0	0	0	0	0	0	1
phasiRNA960	0	0	2	4	1	1	2	1	0	0	0	1	1	0	0	0	0	1
phasiRNA961	0	1	4	1	0	4	3	0	0	0	0	0	0	0	0	0	0	0
phasiRNA962	0	0	0	0	0	0	0	0	0	0	0	0	0	0	0	0	0	0
phasiRNA963	0	0	0	0	0	0	0	0	0	0	0	0	0	0	0	0	0	0
phasiRNA964	0	0	0	0	1	0	0	0	0	0	0	0	0	0	0	0	0	0
phasiRNA965	0	0	0	0	0	0	0	0	0	0	0	0	0	0	0	0	0	0
phasiRNA966	0	0	0	1	2	1	0	0	0	0	0	0	0	0	0	0	0	0
phasiRNA967	0	0	1	0	2	1	1	0	0	0	0	0	0	0	2	0	0	0
phasiRNA969	0	0	0	0	0	0	1	0	0	0	0	0	0	0	0	0	0	0
phasiRNA970	0	0	0	0	0	0	0	0	0	0	0	0	0	0	0	0	0	0
phasiRNA972	0	0	0	7	3	1	4	0	0	0	0	0	1	1	1	0	0	0
phasiRNA974	0	0	0	1	0	0	3	1	0	0	0	0	2	0	1	2	0	0
phasiRNA975	0	0	0	0	0	1	0	0	0	0	0	0	1	0	0	0	0	0
phasiRNA976	0	0	0	0	0	1	1	0	1	0	0	0	0	0	0	0	0	0
phasiRNA977	0	0	0	0	0	0	3	0	0	0	0	0	1	0	0	0	0	0
phasiRNA978	0	0	0	0	0	0	0	0	0	0	0	0	1	0	0	0	0	0
phasiRNA979	0	1	2	4	7	4	10	5	0	0	0	1	1	0	0	0	0	0
phasiRNA980	0	0	0	0	0	0	1	0	0	0	0	0	0	0	0	0	0	0
phasiRNA981	26	20	77	43	56	20	32	31	4	17	7	23	14	24	17	10	1	7
phasiRNA983	0	0	0	0	0	0	1	0	0	0	0	2	0	0	0	0	0	0
phasiRNA984	0	0	6	1	0	0	0	0	0	2	0	1	1	2	0	1	0	0
phasiRNA985	14	8	26	40	23	16	87	36	15	14	8	18	12	9	21	11	5	13
phasiRNA986	0	0	0	1	0	0	0	0	0	0	0	0	0	0	0	0	0	0
phasiRNA987	3	6	2	10	9	4	20	2	0	0	0	1	0	1	0	0	0	0
phasiRNA988	0	0	7	4	7	4	4	3	0	2	0	5	3	3	4	0	2	0
phasiRNA989	0	0	0	1	0	0	0	0	0	0	0	0	0	0	0	0	0	0
phasiRNA990	0	0	0	1	0	0	0	0	0	0	0	0	0	0	0	0	0	0
phasiRNA991	0	1	0	2	1	1	1	0	0	0	0	0	0	0	0	0	0	0
phasiRNA992	0	0	0	1	0	0	2	0	0	0	0	0	0	0	0	0	0	0
phasiRNA993	0	0	0	0	0	0	0	0	0	0	0	0	1	0	0	0	0	0
phasiRNA994	0	0	0	1	6	3	2	1	0	0	2	0	3	0	0	1	0	0
phasiRNA995	0	0	0	0	0	0	0	0	0	0	0	0	0	0	0	0	0	0
phasiRNA996	0	0	0	0	0	0	0	0	0	0	0	0	0	0	0	0	0	0
phasiRNA998	0	0	0	2	2	1	1	2	0	0	0	0	4	0	0	0	0	0
stu-miR156a-3p	0	0	2	1	0	1	2	0	0	1	0	0	0	1	0	0	0	0
stu-miR156a-c-5p.1	26	9	34	30	115	56	59	40	16	23	5	17	27	23	26	15	3	17
stu-miR156a-d-5p	2301	1665	5086	7863	17221	6999	10410	5360	1301	2093	653	2127	2813	2720	2152	1634	426	1326
stu-miR156d-3p	21	5	22	20	39	20	52	23	6	8	1	12	12	11	11	7	3	8
stu-miR156d-3p.1	1100	566	1671	2134	3581	1800	4214	1940	384	713	296	1308	888	1195	1122	565	186	623
stu-miR156d-5p.1	33	22	76	159	287	148	178	69	15	23	5	18	46	45	50	32	10	22
stu-miR156e,g-k-5p	19	7	58	122	173	111	143	44	18	14	5	8	27	25	35	21	3	19
stu-miR156f-3p	5	8	8	8	7	5	25	9	0	1	0	0	0	4	1	0	0	1
stu-miR156f-5p	13	14	28	66	64	47	99	32	4	6	0	12	25	5	11	10	3	4
stu-miR156g-3p	1	5	24	6	9	16	9	6	1	2	3	10	2	3	2	1	1	3
stu-miR156g-j-5p.1	0	0	1	5	7	1	4	2	1	0	0	0	0	0	0	0	0	1
stu-miR156h-k-3p	0	0	19	2	2	3	3	0	1	4	2	7	1	0	4	0	0	0
stu-miR160a,b-5p	74	83	175	121	162	77	178	127	25	79	8	46	70	43	40	51	10	26
stu-miR160a-3p	10	7	15	71	63	28	43	13	7	4	5	3	34	47	21	11	3	8
stu-miR160b-5p.1	7	11	20	7	10	14	15	14	6	8	12	1	11	8	2	5	3	3
stu-miR162a,b-3p	1072	1175	2125	3507	2558	1280	6939	2751	884	753	474	1214	745	1084	879	980	395	732
stu-miR162a,b-3p.1	52	128	169	183	204	141	546	251	92	77	23	75	103	109	62	113	32	69
stu-miR162a,b-5p	57	176	54	218	194	106	422	197	90	38	23	25	81	96	62	111	36	77
stu-miR164-3p	0	5	1	7	14	11	34	11	3	0	1	1	8	1	1	4	0	4
stu-miR164-5p	1	0	3	4	4	2	5	0	1	0	0	1	3	2	0	0	0	0
stu-miR164a,b-5p	7	14	41	32	48	26	20	17	5	5	1	4	14	12	6	11	2	5
stu-miR164a,b-5p.1	0	1	0	0	3	0	1	1	0	0	1	0	2	0	0	0	0	1
stu-miR164a-3p	1	5	18	20	16	8	35	17	5	2	0	4	4	9	9	11	1	3
stu-miR164b-3p	3	1	1	4	3	3	11	3	3	0	1	0	4	1	2	4	1	2
stu-miR166a,c,d-3p	89324	77969	154930	207611	143271	95016	379148	213572	65814	78092	28835	62902	58325	72454	91768	66391	34501	53435
stu-miR166a-5p	1041	1257	1640	4543	3416	1789	5199	2596	1132	820	375	512	1017	1160	1056	948	413	690
stu-miR166b,d-3p.1	72	82	221	127	237	195	336	263	86	98	6	49	114	80	57	116	21	59
stu-miR166b,e,f-3p	6320	6541	19281	16412	19715	10888	25745	14916	2822	6003	1563	3867	6322	5735	5685	5777	1403	3897
stu-miR166b,e,f-3p.1	27	18	53	47	58	50	77	39	19	29	4	10	45	24	21	44	0	16
stu-miR166c-3p.1	35	33	43	34	39	33	93	57	13	28	8	19	17	30	25	17	6	13
stu-miR166c-5p	0	1	0	0	2	1	0	1	1	0	0	0	0	0	0	0	0	0
stu-miR166d-5p	3	3	26	11	19	8	37	13	2	1	1	1	6	0	3	0	0	3
stu-miR166e-5p	16	46	171	57	86	45	159	62	22	36	3	23	37	28	33	34	6	12
stu-miR166f-5p	0	0	0	3	2	0	0	1	0	0	0	0	1	1	0	0	0	0
stu-miR167a-3p	0	0	0	0	1	0	0	0	0	0	0	0	0	0	0	0	0	0
stu-miR167a-5p.1	25	25	97	115	144	56	117	61	20	21	12	36	45	37	27	23	5	11
stu-miR167a-d-5p	277	245	968	610	1034	415	873	527	112	242	62	264	228	177	160	180	36	126
stu-miR167b-3p	17	31	60	35	73	33	74	42	9	14	2	21	20	19	11	16	3	10
stu-miR167c-3p	9	5	48	46	48	22	65	29	17	20	10	31	31	41	31	27	10	14
stu-miR167d-3p	36	26	119	119	404	140	198	132	12	20	3	24	60	55	46	41	10	33
stu-miR167e-3p	196	126	698	297	303	179	387	217	54	199	38	255	97	129	105	79	18	59
stu-miR169a,b-3p	0	0	0	0	0	0	0	0	0	0	0	0	0	0	0	0	0	0
stu-miR169a-d-5p.1	1	0	8	0	4	2	0	1	1	0	0	1	3	4	1	1	0	2
stu-miR169a-h-5p	38	9	160	17	68	48	28	57	11	46	6	36	61	40	28	28	7	28
stu-miR169c-3p	0	0	0	0	0	0	0	0	0	0	0	0	0	0	0	0	0	0
stu-miR169d-3p	0	0	12	0	1	4	0	1	0	1	0	0	7	5	6	2	1	3
stu-miR169e,g,h-5p.1	1	0	0	1	2	0	0	1	1	3	0	0	0	1	1	0	0	0
stu-miR169e-3p	0	0	8	0	2	2	0	0	0	0	0	0	3	0	1	1	0	1
stu-miR169f-3p	0	0	1	0	1	0	0	0	0	0	0	0	0	0	0	0	0	0
stu-miR169f-3p.1	31	21	271	16	192	127	34	160	74	60	15	41	131	92	52	116	37	65
stu-miR169f-5p.1	0	0	1	0	0	0	0	1	0	0	0	0	0	0	0	0	0	0
stu-miR169f-5p.2	0	0	3	0	2	0	1	0	0	0	0	0	0	0	0	0	0	0
stu-miR169i-3p	0	0	0	0	0	0	0	0	0	0	0	0	0	0	0	0	0	0
stu-miR169i-5p	3	3	13	3	13	4	3	2	0	3	1	5	3	3	4	4	0	0
stu-miR169i-5p.1	1	0	1	0	4	0	2	0	2	1	0	3	0	0	1	0	0	0
stu-miR171a,c-5p	98	98	302	821	1001	570	2061	1080	247	95	11	82	373	504	318	578	98	274
stu-miR171a,e-3p	32	34	218	173	248	97	126	44	10	31	5	27	56	41	16	30	4	9
stu-miR171a,e-3p.1	0	0	0	0	0	0	0	0	0	0	0	0	0	0	0	0	0	0
stu-miR171b-3p	29	32	15	333	431	169	410	109	18	0	1	7	40	40	28	22	9	23
stu-miR171b-5p	1	0	0	9	18	5	8	1	0	0	0	0	3	4	0	2	0	1
stu-miR171c-3p	0	2	13	14	15	9	14	2	3	1	0	2	2	5	1	1	0	0
stu-miR171d-3p	1	2	8	3	9	3	3	3	1	5	0	5	2	1	0	2	0	1
stu-miR171d-3p.1	0	0	0	0	1	0	0	0	0	0	0	0	0	0	1	1	0	0
stu-miR171d-5p	0	0	0	0	0	1	0	0	0	0	0	0	0	0	0	0	0	0
stu-miR172a,b-e-3p	64	67	302	109	273	101	208	83	15	54	5	33	77	46	26	57	5	28
stu-miR172a-5p	6	5	6	7	13	6	23	1	0	1	0	0	8	6	4	1	0	2
stu-miR172a-e-3p.1	0	0	0	0	0	0	0	0	0	0	0	0	0	0	0	0	0	0
stu-miR172a-e-3p.2	0	1	6	3	0	0	0	0	0	0	0	1	3	1	0	0	0	0
stu-miR172b-5p	14	18	40	17	4	2	28	11	3	4	2	5	2	5	2	8	2	2
stu-miR172b-5p.1	3	6	13	1	7	3	8	2	0	5	1	2	1	0	3	4	0	0
stu-miR172c-3p	1	0	0	0	0	0	0	0	0	0	0	0	0	0	0	0	0	0
stu-miR172c-5p	0	0	0	0	0	0	0	0	0	0	0	0	0	0	0	0	0	0
stu-miR172d-3p	0	0	0	0	0	0	0	0	0	0	0	0	0	0	0	0	0	0
stu-miR172d-5p	0	0	0	0	0	0	0	0	0	0	0	0	0	0	0	0	0	0
stu-miR172e-3p.1	0	0	0	0	0	1	2	1	0	0	0	0	0	0	0	0	0	0
stu-miR172e-5p	0	0	0	0	0	0	0	0	0	0	0	0	0	0	0	0	0	0
stu-miR1886a-f-5p	0	1	3	3	1	1	5	0	2	0	0	2	1	1	0	2	0	0
stu-miR1886g-3p	0	0	0	0	0	0	0	0	0	0	0	0	0	0	0	0	0	0
stu-miR1886g-5p	0	0	0	2	0	0	4	0	0	2	0	0	0	0	0	0	0	0
stu-miR1886h-3p	0	0	0	0	0	0	0	0	0	0	0	0	0	0	0	0	0	0
stu-miR1886i-3p	0	0	0	0	0	0	0	0	0	0	0	1	0	0	0	0	0	0
stu-miR1886i-5p	0	0	1	1	2	1	1	1	0	0	0	0	0	0	0	0	0	0
stu-miR1919-3p	5237	2625	6163	22328	25672	14858	21830	12547	3338	1838	725	2811	8133	10884	8031	4430	1227	3619
stu-miR1919-5p	952	1070	3445	3649	3404	1886	3620	1603	601	958	304	935	1096	1241	776	728	177	431
stu-miR319-3p	0	0	0	3	1	0	1	0	0	0	0	0	0	1	0	0	0	0
stu-miR319-5p	0	0	0	0	0	1	0	1	0	0	0	0	0	0	0	0	0	0
stu-miR319a-3p	0	2	4	15	28	14	42	15	3	0	0	0	5	14	4	12	2	6
stu-miR319a-3p.1	0	0	0	0	0	0	0	0	0	0	0	0	0	0	0	0	0	0
stu-miR319a-3p.2	0	0	2	1	2	3	5	6	4	0	0	1	0	0	2	3	0	1
stu-miR319a-3p.3	0	0	0	0	1	0	2	1	0	0	0	1	1	1	0	0	0	0
stu-miR319a-3p.4	0	0	1	0	0	1	1	0	0	0	0	0	0	0	0	0	0	2
stu-miR319a-5p	0	0	0	0	1	0	0	0	0	0	0	0	0	0	0	0	0	0
stu-miR319b-3p	2	1	3	2	7	11	0	2	0	1	0	0	2	3	1	1	0	1
stu-miR3627-3p	0	0	0	1	1	0	0	0	0	0	0	0	0	0	0	0	0	0
stu-miR3627-5p	7	3	2	27	34	11	25	11	5	0	0	3	8	11	11	6	2	1
stu-miR384-3p	0	0	0	0	0	0	0	0	0	0	0	0	0	0	0	0	0	0
stu-miR390-3p	1	2	24	7	8	7	13	4	1	0	0	3	0	2	3	1	0	2
stu-miR390-5p	180	120	664	339	414	232	485	347	211	280	90	223	178	213	127	191	42	108
stu-miR390a-3p	0	0	0	0	7	3	4	1	0	0	0	0	2	3	0	0	0	0
stu-miR390a-5p	7	9	4	25	25	20	24	13	14	4	0	4	8	6	9	5	2	10
stu-miR390a-5p.1	0	0	0	0	1	0	0	0	0	0	1	1	0	0	0	0	0	0
stu-miR393-3p	10	0	20	8	8	7	9	9	0	1	0	4	1	4	1	3	0	0
stu-miR393-5p	5	2	46	15	12	2	10	6	0	12	0	8	5	4	8	1	1	3
stu-miR393-5p.1	0	0	3	1	0	2	1	0	0	1	0	3	1	0	0	0	0	0
stu-miR394-3p	1	0	0	1	4	1	2	3	3	0	1	0	1	1	1	1	1	0
stu-miR394-5p	277	243	786	525	1057	454	852	361	61	213	29	244	307	195	147	182	32	92
stu-miR395a-j-3p	1	0	17	30	58	15	18	12	5	1	0	0	55	90	40	16	2	6
stu-miR396,a,b-5p.1	508	340	1096	816	1666	710	2587	801	84	338	77	475	359	371	322	277	78	232
stu-miR396-3p	18	11	53	32	40	24	39	18	5	15	2	8	9	12	2	5	1	3
stu-miR396-5p	18328	12741	32002	35618	42653	24179	129261	49933	6356	9723	3912	20360	14501	19124	16420	13013	3643	13924
stu-miR396a,b-5p	12902	7751	31696	16300	17469	9348	26264	11921	2077	9877	2625	14216	5279	7105	5812	4559	1105	3428
stu-miR396a,b-5p.1	22	9	43	21	25	16	34	26	0	15	6	17	5	12	7	9	5	8
stu-miR396a-3p	270	294	829	1153	785	368	968	571	179	259	72	161	195	304	116	134	47	65
stu-miR396b-3p	46	12	276	209	191	76	108	87	17	31	3	23	30	59	24	18	9	21
stu-miR396b-3p.1	0	1	9	1	8	2	1	1	0	4	0	2	0	0	2	0	0	0
stu-miR396b-3p.2	8	2	9	10	22	13	18	10	0	4	0	5	3	7	6	2	0	2
stu-miR397-3p	4	0	1	12	19	6	35	13	5	0	0	0	8	14	4	5	1	3
stu-miR397-5p	20	0	2	18	33	14	34	19	8	4	0	0	11	13	2	15	3	8
stu-miR397a-3p	1	0	0	1	8	2	8	3	0	0	0	0	0	2	0	4	0	0
stu-miR397a-5p	0	0	2	0	5	3	4	2	1	0	0	0	2	3	0	2	0	1
stu-miR397a-5p.1	0	0	1	1	0	0	0	0	0	0	0	0	2	0	0	0	0	0
stu-miR398a-3p	119	8	96	127	154	73	114	104	39	4	0	2	32	44	25	59	7	7
stu-miR398a-5p	111	2	32	1229	1195	566	1398	330	82	7	2	2	271	445	163	236	22	71
stu-miR398b-3p	0	0	5	3	29	10	3	9	4	0	0	0	1	0	2	2	0	1
stu-miR398b-5p	0	0	0	0	0	0	0	0	0	0	0	0	0	0	0	0	0	0
stu-miR398c-3p	109	6	49	105	121	68	140	80	53	2	1	0	49	34	20	61	14	23
stu-miR398c-5p	957	25	247	1987	2475	1186	2918	1512	814	32	23	7	664	1125	591	960	178	344
stu-miR399a-f-3p	4	0	1	4	3	6	3	3	0	2	0	0	3	2	3	2	0	2
stu-miR399a-h,k-o-5p	0	0	3	7	7	1	9	0	2	1	0	0	6	1	2	1	0	3
stu-miR399a-o-5p.1	0	0	0	0	0	2	0	0	0	0	0	0	0	0	0	1	0	0
stu-miR399g-3p	0	0	0	0	2	1	2	2	0	1	0	0	0	0	0	0	0	0
stu-miR399i-3p	0	0	0	7	1	0	7	0	0	0	0	0	4	3	3	2	0	0
stu-miR399i-5p	0	2	0	2	7	9	6	1	1	0	0	0	6	8	3	5	0	2
stu-miR399j-5p	0	0	0	0	0	0	0	0	0	0	0	0	0	0	0	0	0	0
stu-miR399j-o-3p	0	1	1	1	3	2	3	0	0	1	0	0	1	1	0	0	0	1
stu-miR403-3p	222	154	554	794	912	477	1117	513	87	106	83	181	198	257	124	161	35	101
stu-miR403-5p	41	10	85	362	476	201	288	120	20	29	8	41	116	159	136	65	3	41
stu-miR403-5p.1	8	8	12	265	251	86	49	13	3	1	1	3	55	89	33	7	1	4
stu-miR408a-3p	64	16	63	32	27	11	54	37	14	5	4	4	11	17	6	22	5	12
stu-miR408a-5p	8	0	0	23	11	15	34	17	20	0	0	0	9	11	7	13	3	8
stu-miR408b-3p	293	33	184	42	204	33	78	172	40	34	9	10	21	14	13	27	7	13
stu-miR408b-5p	63	6	14	664	720	426	1046	814	520	12	8	0	356	405	229	601	102	255
stu-miR4376-3p	0	0	0	1	0	0	0	0	0	0	0	0	0	0	0	0	0	0
stu-miR4376-5p	1	1	6	15	14	1	12	8	0	0	0	1	0	1	0	0	0	0
stu-miR4376-5p.1	29	34	72	239	260	128	314	113	36	1	1	1	10	11	6	7	0	3
stu-miR477a-3p	0	0	0	0	0	0	0	0	0	0	0	0	0	0	0	0	0	0
stu-miR477a-5p	4	2	13	7	31	13	5	21	4	4	0	8	17	9	11	10	5	6
stu-miR477a-5p.1	0	0	1	0	0	0	0	0	0	0	0	0	0	0	0	0	0	0
stu-miR477b-3p	0	0	0	0	0	0	0	0	0	0	0	0	1	1	0	0	0	0
stu-miR477b-5p	31	5	31	17	66	42	41	43	23	14	6	27	21	13	16	12	1	9
stu-miR479-3p	0	0	3	0	0	0	0	1	0	0	0	0	1	0	0	0	0	0
stu-miR482a-3p	322	489	2074	1280	2190	921	1541	1765	181	155	159	167	410	383	236	678	133	322
stu-miR482a-5p	1	0	10	69	97	52	35	35	6	1	1	4	25	27	19	20	4	8
stu-miR482b-3p	1811	2460	4545	12481	7105	5084	6215	6992	4711	960	1957	1489	2715	2879	3569	3538	2618	2651
stu-miR482b-5p	1	2	2	195	126	64	29	9	5	1	4	0	32	64	27	16	6	2
stu-miR482c-3p	1815	2152	5885	10196	12204	4636	9726	4458	1191	1206	501	1098	2561	2251	1583	2209	524	1041
stu-miR482c-5p.1	0	0	0	36	23	13	4	9	0	2	0	2	9	12	1	7	0	1
stu-miR482d-3p	3336	5541	5414	17994	19122	9362	14907	7341	4160	2937	1276	1791	5681	4815	4210	4372	2533	2686
stu-miR482d-5p	8	7	22	533	405	174	128	30	20	1	2	0	128	172	83	63	17	25
stu-miR482e-3p	4014	5052	13996	14605	12411	6175	17871	8143	3248	4520	1650	3231	3010	3571	2566	2782	1205	1617
stu-miR482e-5p	44	21	36	716	524	277	307	168	110	13	10	11	207	226	122	114	20	55
stu-miR482f-3p	5433	8560	16511	26650	25646	11054	23242	12291	3662	4664	2501	3486	5567	5799	4134	4525	2253	3075
stu-miR482f-5p	1	2	1	8	7	5	2	0	2	1	0	0	6	3	2	2	0	2
stu-miR530-3p	0	1	0	22	13	14	18	15	5	0	0	1	3	6	7	11	1	4
stu-miR530-5p	16	28	38	39	68	60	96	26	5	11	7	19	10	21	12	11	2	5
stu-miR530-5p.1	4	11	26	20	41	32	31	11	4	6	0	3	6	6	3	10	0	3
stu-miR530-5p.2	1	0	1	1	3	5	4	7	2	0	0	0	4	4	0	10	0	2
stu-miR5303a-d-3p	0	0	0	0	0	0	0	0	0	0	0	0	0	0	0	0	0	0
stu-miR5303e	1	3	5	4	12	4	5	8	4	2	2	0	1	3	1	4	0	1
stu-miR5303f-3p	0	0	2	3	2	1	6	1	1	1	0	0	0	2	1	1	0	0
stu-miR5303g,i-3p	0	0	0	1	3	0	2	0	0	0	0	0	0	0	0	0	0	0
stu-miR5303h-3p	0	0	0	0	0	3	1	2	0	1	0	0	0	4	0	0	0	0
stu-miR5303j-3p	0	0	0	3	1	1	0	0	0	0	0	0	0	0	0	0	0	0
stu-miR5304-3p	0	0	0	1	0	0	0	0	0	0	0	0	0	0	0	0	0	0
stu-miR5304-5p	0	0	0	0	0	1	3	1	0	0	0	0	1	2	0	0	0	0
stu-miR6022-3p	106	101	311	769	960	357	868	272	64	67	19	76	171	176	111	68	20	32
stu-miR6023-3p	0	0	2	15	9	2	4	2	0	0	0	1	3	4	0	1	0	0
stu-miR6023-5p	0	0	1	2	2	0	3	1	0	0	1	0	0	2	0	0	0	0
stu-miR6024-3p	130	128	635	880	1045	395	774	192	28	89	32	109	229	205	92	110	17	38
stu-miR6024-5p	1	1	20	118	104	38	29	14	7	3	1	0	21	39	8	3	2	3
stu-miR6025-3p	11	7	26	696	469	252	234	102	23	3	0	4	182	362	222	62	11	39
stu-miR6025-5p	37	38	158	356	372	127	204	105	34	34	10	35	74	76	65	49	7	21
stu-miR6026-3p	60	33	129	210	156	52	271	81	12	34	9	63	66	67	43	49	23	33
stu-miR6026-5p	0	0	0	0	5	0	2	0	0	2	0	0	1	0	1	0	0	0
stu-miR6027-3p	127	132	553	461	448	240	607	369	94	130	49	152	154	225	159	151	62	123
stu-miR6149-3p	131	79	705	675	569	386	766	337	81	121	25	166	285	332	307	197	45	140
stu-miR6149-5p	2800	2992	12585	8082	11046	5375	15881	8527	1401	2609	863	2471	3344	3047	2217	3188	806	2239
stu-miR7122-3p	18	9	26	275	259	123	127	50	9	6	1	3	80	105	64	18	11	14
stu-miR7122-5p	2	0	2	1	15	1	2	0	0	0	0	0	1	0	1	0	0	1
stu-miR7979	2	0	0	2	1	0	4	2	0	0	0	0	1	2	0	0	0	0
stu-miR7980a	0	0	1	6	0	1	3	6	0	2	0	0	0	1	0	0	0	0
stu-miR7980b-3p	1	10	6	17	10	6	10	2	2	2	0	5	1	2	5	0	0	4
stu-miR7980b-5p	0	0	0	0	0	0	0	0	0	0	0	0	0	0	0	0	0	0
stu-miR7981-3p	0	1	10	8	6	3	13	3	0	2	0	0	0	1	1	1	0	1
stu-miR7981-5p	0	0	0	0	0	0	0	0	0	0	0	0	0	0	0	0	0	0
stu-miR7983-3p	0	1	2	1	0	0	10	1	1	0	0	0	0	0	1	0	0	0
stu-miR7983-5p	0	0	0	0	0	0	0	0	0	0	0	0	0	0	0	0	0	0
stu-miR7984a,b-5p	1	1	7	7	5	2	14	6	3	2	0	2	1	3	2	1	0	1
stu-miR7984b-3p	0	0	0	0	0	0	0	0	0	0	0	0	0	0	0	0	0	0
stu-miR7984c-3p	0	0	0	0	0	0	0	0	0	0	0	0	0	0	0	0	0	0
stu-miR7984c-5p	0	0	2	1	2	0	2	1	0	0	0	0	1	0	0	0	0	0
stu-miR7984d-3p	0	0	0	0	0	0	0	0	0	0	0	0	0	0	0	0	0	0
stu-miR7984d-5p	1	1	6	6	14	2	7	3	3	0	0	1	1	0	0	3	0	0
stu-miR7985-3p	0	0	0	0	0	0	0	0	0	0	0	0	0	0	0	0	0	0
stu-miR7986-3p	0	0	0	0	0	0	0	0	0	0	0	0	0	0	0	0	0	0
stu-miR7987-5p	0	0	0	1	0	1	0	0	1	0	0	0	0	0	0	0	0	0
stu-miR7988-5p	0	0	1	1	0	0	0	0	0	0	0	0	0	0	0	0	0	0
stu-miR7989-3p	0	0	0	0	0	0	0	0	0	0	0	0	0	0	0	0	0	0
stu-miR7990a-3p	0	0	0	0	0	0	0	0	0	0	0	0	0	0	0	0	0	0
stu-miR7990b	0	0	0	0	1	0	1	0	0	0	0	0	0	0	0	0	0	0
stu-miR7991a-c-5p	0	1	0	1	2	4	0	0	0	0	0	0	0	0	0	0	0	0
stu-miR7992-3p	0	0	4	2	1	0	1	0	0	0	0	0	2	1	0	0	0	0
stu-miR7992-5p	13	9	43	51	59	31	77	35	19	13	2	13	12	23	7	13	2	14
stu-miR7993a-d-3p	0	0	2	2	2	2	8	1	0	0	0	0	0	1	0	0	0	0
stu-miR7993b-5p	0	0	0	0	0	0	0	0	0	0	0	0	0	0	0	0	0	0
stu-miR7994a,b-3p	0	1	3	3	6	2	8	0	0	0	1	1	2	1	1	1	0	0
stu-miR7994b-5p	0	0	0	0	0	0	0	0	0	0	0	0	0	0	0	0	0	0
stu-miR7995-5p	0	0	1	1	0	1	1	0	0	0	0	0	0	1	0	0	0	1
stu-miR7996a-c-5p	0	0	3	1	0	0	2	0	0	1	0	0	0	1	0	1	0	0
stu-miR7997a,b-5p	0	0	0	0	0	0	2	0	0	0	0	0	1	1	0	0	0	0
stu-miR7997c-3p	1	2	1	2	2	3	0	3	0	0	0	0	0	0	0	1	0	0
stu-miR7998	0	0	0	0	0	0	0	0	0	0	0	0	0	0	0	0	0	0
stu-miR7999-3p	0	1	0	0	1	0	0	0	0	0	0	0	0	0	0	0	0	0
stu-miR7999-5p	0	0	0	0	0	0	0	0	0	0	0	0	0	0	0	0	0	0
stu-miR8000-5p	0	2	0	2	0	1	4	0	1	0	0	4	1	1	0	1	0	0
stu-miR8001a-5p	1	1	0	0	2	0	0	3	0	0	0	0	0	0	0	0	0	0
stu-miR8001b-3p	0	0	0	0	0	0	0	0	0	0	0	0	0	0	0	0	0	0
stu-miR8001b-5p	1	0	4	20	4	2	6	6	2	2	1	1	3	4	0	1	1	1
stu-miR8002-3p	0	0	0	0	0	0	0	0	0	0	0	0	0	0	0	0	0	0
stu-miR8002-5p	0	0	0	0	0	0	0	0	0	0	0	0	0	0	0	0	0	0
stu-miR8003-5p	0	0	0	0	2	0	0	0	0	0	0	0	0	0	0	0	0	0
stu-miR8004-5p	0	0	2	4	4	2	8	0	0	1	1	1	1	1	0	2	0	0
stu-miR8005b-5p	0	0	0	0	0	0	0	0	0	0	0	0	0	0	0	0	0	0
stu-miR8006-3p	0	0	0	0	0	0	0	0	0	0	0	0	0	0	0	0	0	0
stu-miR8006-5p	9	10	10	18	21	2	34	25	12	5	4	0	4	11	2	8	5	6
stu-miR8007a-3p	0	0	0	0	0	0	0	0	0	0	0	0	0	0	0	0	0	0
stu-miR8007a-5p	0	0	1	4	4	0	2	0	1	2	0	0	0	4	0	2	1	0
stu-miR8007b-3p	0	0	0	0	0	0	0	0	0	0	0	0	0	0	0	0	0	0
stu-miR8007b-5p	6	3	12	21	12	8	30	13	0	4	6	4	4	2	5	6	2	3
stu-miR8008-5p	2	0	1	0	2	0	2	2	0	0	0	0	0	0	1	0	0	0
stu-miR8008b-5p	1	1	4	3	2	3	1	2	0	1	2	0	0	2	0	2	0	2
stu-miR8010-3p	0	0	0	0	0	0	0	0	0	0	0	0	0	0	0	0	0	0
stu-miR8011a-3p	0	1	3	4	6	2	6	2	2	2	3	0	1	2	1	3	0	0
stu-miR8011a-5p	0	0	0	0	0	0	4	0	0	0	0	0	0	0	0	0	0	1
stu-miR8011b-3p	2	1	3	12	5	3	5	3	2	0	1	0	1	2	5	0	1	0
stu-miR8011b-5p	0	0	0	0	0	0	0	0	0	0	0	0	0	0	0	0	0	0
stu-miR8012-5p	0	0	0	0	2	0	0	1	0	0	0	1	0	0	0	0	0	0
stu-miR8013-5p	0	0	0	0	0	0	0	0	0	0	0	0	0	0	0	0	0	0
stu-miR8014-3p	0	0	1	2	1	3	1	1	0	1	1	0	1	0	0	0	0	0
stu-miR8014-5p	0	0	0	0	0	0	0	0	0	0	0	0	0	0	0	0	0	0
stu-miR8015-3p	0	0	0	1	3	0	0	0	0	0	0	0	0	0	0	0	0	0
stu-miR8015-5p	0	0	0	0	2	0	0	0	0	0	0	0	0	0	0	0	0	0
stu-miR8016-3p	0	0	0	0	0	0	0	0	0	0	0	0	0	0	0	0	0	0
stu-miR8017	0	0	1	0	0	0	0	0	0	0	0	0	0	0	0	0	0	0
stu-miR8018	0	0	0	0	0	0	0	0	0	0	0	0	0	0	2	0	0	0
stu-miR8019-3p	2	4	7	2	6	4	9	5	3	2	0	1	2	1	0	0	2	0
stu-miR8019-5p	0	0	0	0	0	0	0	0	0	0	0	0	0	0	0	0	0	0
stu-miR8020-5p	0	0	2	1	2	0	1	1	0	0	0	0	0	0	0	0	0	0
stu-miR8021-5p	0	0	0	4	0	0	0	0	0	0	0	0	0	1	0	1	0	0
stu-miR8022	0	0	0	0	0	0	0	0	0	0	0	0	0	0	0	0	0	0
stu-miR8023-3p	0	2	0	7	1	1	2	0	0	1	0	0	0	1	0	0	0	0
stu-miR8024a,b-3p	0	0	2	5	3	3	3	2	0	0	0	1	1	1	1	1	0	0
stu-miR8024a-5p	0	0	0	0	0	0	0	0	0	0	0	0	0	0	0	0	0	0
stu-miR8025-3p	0	0	0	0	0	0	0	0	0	0	0	0	0	0	0	0	0	0
stu-miR8025-5p	0	0	0	2	5	1	1	3	1	0	0	2	1	0	0	0	0	0
stu-miR8026-5p	1	0	3	3	1	1	6	7	1	0	1	0	1	0	2	1	0	1
stu-miR8027	1	0	0	1	2	1	2	1	0	2	0	0	0	2	0	2	0	0
stu-miR8028-3p	0	0	0	0	0	0	0	0	0	0	0	0	0	0	0	0	0	0
stu-miR8028-5p	0	0	0	0	0	0	0	0	0	0	0	0	0	0	0	0	0	0
stu-miR8029	0	0	0	0	0	0	0	0	0	0	0	0	0	0	0	0	0	0
stu-miR8030-3p	0	0	0	0	0	0	0	0	0	0	0	0	0	0	0	0	0	0
stu-miR8030-5p	1	0	3	7	3	0	4	0	0	1	0	0	0	1	1	1	0	0
stu-miR8031-5p	0	0	1	0	0	0	0	0	0	0	0	0	0	1	0	0	0	0
stu-miR8032a,e-3p	0	0	0	0	0	0	0	0	0	0	0	0	0	0	0	0	0	0
stu-miR8032a-g-5p	2	1	1	8	11	5	19	9	2	1	0	1	2	1	3	3	0	3
stu-miR8032b,f,g-3p	0	0	0	0	0	0	0	0	0	0	0	0	0	0	0	0	0	0
stu-miR8032d-3p	0	0	0	0	0	0	0	0	0	0	0	0	0	0	0	0	0	0
stu-miR8033-3p	2	1	2	6	4	3	2	0	0	0	0	0	1	0	0	0	0	0
stu-miR8033-5p	1	1	5	14	10	3	17	4	2	1	0	0	5	6	5	1	1	1
stu-miR8034	0	0	0	0	0	0	0	0	0	0	0	0	0	0	0	0	0	0
stu-miR8035	0	1	3	1	4	6	6	6	1	1	0	1	0	1	0	1	0	1
stu-miR8036-3p	1449	1312	4007	3433	4099	2154	4832	3562	1188	974	585	951	1273	1379	1059	1673	433	836
stu-miR8036-5p	1	0	1	90	78	33	24	5	0	1	0	0	27	36	6	10	1	3
stu-miR8037	0	0	0	0	0	0	0	0	0	0	0	0	0	0	0	0	0	0
stu-miR8038a,b-3p	0	0	0	0	0	0	0	0	0	0	0	0	0	0	0	0	0	0
stu-miR8038a,b-5p	0	0	0	0	0	0	0	0	0	0	0	0	0	0	0	0	0	0
stu-miR8039-5p	3	2	10	47	64	24	40	21	3	4	0	6	12	18	15	7	2	1
stu-miR8040-3p	0	0	0	0	0	0	0	0	0	0	0	0	0	0	1	0	0	0
stu-miR8040-5p	0	0	1	0	2	0	1	1	0	0	0	0	0	0	0	0	0	0
stu-miR8041a,b-3p	10	15	34	47	70	24	99	58	14	14	1	13	14	20	25	7	1	8
stu-miR8042-3p	0	0	0	5	6	0	0	0	0	0	0	0	2	1	0	0	1	0
stu-miR8043-3p	5	4	11	15	43	9	25	14	2	4	0	3	13	11	6	6	1	3
stu-miR8044-3p	39	28	131	116	165	65	184	67	11	20	11	34	28	26	25	27	5	13
stu-miR8044-5p	0	0	2	21	30	7	7	7	0	3	1	4	5	5	6	2	0	1
stu-miR8045-3p	0	0	0	0	0	0	0	0	0	0	0	0	0	0	0	0	0	0
stu-miR8046-3p	0	0	0	0	0	0	0	0	0	0	0	0	0	0	0	0	0	0
stu-miR8046-5p	0	0	0	0	0	0	0	0	0	0	0	0	0	0	0	0	0	0
stu-miR8047-5p	0	0	0	0	0	0	0	0	0	0	0	0	0	0	0	0	0	0
stu-miR8048-3p	0	1	0	90	69	27	5	2	1	0	0	0	32	72	30	2	0	2
stu-miR8048-5p	0	0	0	1	2	0	0	0	0	0	0	0	0	0	0	0	0	0
stu-miR8049-3p	1	0	1	1	4	1	3	0	0	0	0	0	2	0	0	0	0	0
stu-miR8049-5p	0	0	0	0	0	0	1	0	0	0	0	1	2	1	2	0	0	1
stu-miR8050-3p	0	0	0	0	1	0	0	1	0	1	0	0	0	0	0	0	0	0
stu-miR8050-5p	0	0	0	0	0	0	0	0	0	0	0	0	0	0	0	0	0	1
stu-miR8051-3p	0	0	0	0	0	0	0	0	0	0	0	0	0	0	0	0	0	0
stu-miR8051-5p	0	0	1	0	0	0	0	0	0	0	0	0	0	0	0	0	0	0
stu-miR827-3p	10	4	3	33	30	15	42	16	11	1	0	0	9	13	12	8	0	12
stu-miR827-5p	0	0	0	18	25	9	15	11	1	0	0	0	10	6	4	7	2	4
stu-mir167b-d-5p.1	106	56	242	124	211	116	244	319	79	88	19	104	82	57	103	80	38	89
